date,days_in,date,days_left,days_in,w_pred_contracts,wo_pred_contracts,true_pred_contracts,w_pred_pnl,wo_pred_pnl,true_pred_pnl
2024-01-08,0,2024-01-08,23.0,0.0,-1.0,-1.0,-1.0,,,
2024-01-08,1,2024-01-09,22.0,1.0,,,,-49.0,-49.0,-49.0
2024-01-08,2,2024-01-10,21.0,2.0,,,,-67.0,-67.0,-67.0
2024-01-08,3,2024-01-11,20.0,3.0,,,,-42.0,-42.0,-42.0
2024-01-08,4,2024-01-12,19.0,4.0,,,,-20.0,-20.0,-20.0
2024-01-08,8,2024-01-16,15.0,8.0,,,,64.0,64.0,64.0
2024-01-08,9,2024-01-17,14.0,9.0,,,,103.0,103.0,103.0
2024-01-08,10,2024-01-18,13.0,10.0,,,,93.0,93.0,93.0
2024-01-08,11,2024-01-19,12.0,11.0,,,,95.0,95.0,95.0
2024-01-08,14,2024-01-22,9.0,14.0,,,,96.0,96.0,96.0
2024-01-08,15,2024-01-23,8.0,15.0,,,,98.0,98.0,98.0
2024-01-08,16,2024-01-24,7.0,16.0,,,,99.0,99.0,99.0
2024-01-08,17,2024-01-25,6.0,17.0,,,,97.0,97.0,97.0
2024-01-08,18,2024-01-26,5.0,18.0,,,,95.0,95.0,95.0
2024-01-08,21,2024-01-29,2.0,21.0,,,,101.0,101.0,101.0
2024-01-08,22,2024-01-30,1.0,22.0,,,,97.0,97.0,97.0
2024-01-08,23,2024-01-31,0.0,23.0,,,,100.0,100.0,100.0
2024-01-09,0,2024-01-09,22.0,0.0,-1.0,-1.0,-1.0,,,
2024-01-09,1,2024-01-10,21.0,1.0,,,,-18.0,-18.0,-18.0
2024-01-09,2,2024-01-11,20.0,2.0,,,,7.0,7.0,7.0
2024-01-09,3,2024-01-12,19.0,3.0,,,,29.0,29.0,29.0
2024-01-09,7,2024-01-16,15.0,7.0,,,,113.0,113.0,113.0
2024-01-09,8,2024-01-17,14.0,8.0,,,,152.0,152.0,152.0
2024-01-09,9,2024-01-18,13.0,9.0,,,,142.0,142.0,142.0
2024-01-09,10,2024-01-19,12.0,10.0,,,,144.0,144.0,144.0
2024-01-09,13,2024-01-22,9.0,13.0,,,,145.0,145.0,145.0
2024-01-09,14,2024-01-23,8.0,14.0,,,,147.0,147.0,147.0
2024-01-09,15,2024-01-24,7.0,15.0,,,,148.0,148.0,148.0
2024-01-09,16,2024-01-25,6.0,16.0,,,,146.0,146.0,146.0
2024-01-09,17,2024-01-26,5.0,17.0,,,,144.0,144.0,144.0
2024-01-09,20,2024-01-29,2.0,20.0,,,,150.0,150.0,150.0
2024-01-09,21,2024-01-30,1.0,21.0,,,,146.0,146.0,146.0
2024-01-09,22,2024-01-31,0.0,22.0,,,,149.0,149.0,149.0
2024-01-10,0,2024-01-10,21.0,0.0,-1.0,-1.0,-1.0,,,
2024-01-10,1,2024-01-11,20.0,1.0,,,,25.0,25.0,25.0
2024-01-10,2,2024-01-12,19.0,2.0,,,,47.0,47.0,47.0
2024-01-10,6,2024-01-16,15.0,6.0,,,,131.0,131.0,131.0
2024-01-10,7,2024-01-17,14.0,7.0,,,,170.0,170.0,170.0
2024-01-10,8,2024-01-18,13.0,8.0,,,,160.0,160.0,160.0
2024-01-10,9,2024-01-19,12.0,9.0,,,,162.0,162.0,162.0
2024-01-10,12,2024-01-22,9.0,12.0,,,,163.0,163.0,163.0
2024-01-10,13,2024-01-23,8.0,13.0,,,,165.0,165.0,165.0
2024-01-10,14,2024-01-24,7.0,14.0,,,,166.0,166.0,166.0
2024-01-10,15,2024-01-25,6.0,15.0,,,,164.0,164.0,164.0
2024-01-10,16,2024-01-26,5.0,16.0,,,,162.0,162.0,162.0
2024-01-10,19,2024-01-29,2.0,19.0,,,,168.0,168.0,168.0
2024-01-10,20,2024-01-30,1.0,20.0,,,,164.0,164.0,164.0
2024-01-10,21,2024-01-31,0.0,21.0,,,,167.0,167.0,167.0
2024-01-11,0,2024-01-11,20.0,0.0,-1.0,-1.0,-1.0,,,
2024-01-11,1,2024-01-12,19.0,1.0,,,,22.0,22.0,22.0
2024-01-11,5,2024-01-16,15.0,5.0,,,,106.0,106.0,106.0
2024-01-11,6,2024-01-17,14.0,6.0,,,,145.0,145.0,145.0
2024-01-11,7,2024-01-18,13.0,7.0,,,,135.0,135.0,135.0
2024-01-11,8,2024-01-19,12.0,8.0,,,,137.0,137.0,137.0
2024-01-11,11,2024-01-22,9.0,11.0,,,,138.0,138.0,138.0
2024-01-11,12,2024-01-23,8.0,12.0,,,,140.0,140.0,140.0
2024-01-11,13,2024-01-24,7.0,13.0,,,,141.0,141.0,141.0
2024-01-11,14,2024-01-25,6.0,14.0,,,,139.0,139.0,139.0
2024-01-11,15,2024-01-26,5.0,15.0,,,,137.0,137.0,137.0
2024-01-11,18,2024-01-29,2.0,18.0,,,,143.0,143.0,143.0
2024-01-11,19,2024-01-30,1.0,19.0,,,,139.0,139.0,139.0
2024-01-11,20,2024-01-31,0.0,20.0,,,,142.0,142.0,142.0
2024-01-12,0,2024-01-12,19.0,0.0,-1.0,-1.0,-1.0,,,
2024-01-12,4,2024-01-16,15.0,4.0,,,,84.0,84.0,84.0
2024-01-12,5,2024-01-17,14.0,5.0,,,,123.0,123.0,123.0
2024-01-12,6,2024-01-18,13.0,6.0,,,,113.0,113.0,113.0
2024-01-12,7,2024-01-19,12.0,7.0,,,,115.0,115.0,115.0
2024-01-12,10,2024-01-22,9.0,10.0,,,,116.0,116.0,116.0
2024-01-12,11,2024-01-23,8.0,11.0,,,,118.0,118.0,118.0
2024-01-12,12,2024-01-24,7.0,12.0,,,,119.0,119.0,119.0
2024-01-12,13,2024-01-25,6.0,13.0,,,,117.0,117.0,117.0
2024-01-12,14,2024-01-26,5.0,14.0,,,,115.0,115.0,115.0
2024-01-12,17,2024-01-29,2.0,17.0,,,,121.0,121.0,121.0
2024-01-12,18,2024-01-30,1.0,18.0,,,,117.0,117.0,117.0
2024-01-12,19,2024-01-31,0.0,19.0,,,,120.0,120.0,120.0
2024-01-16,0,2024-01-16,15.0,0.0,-1.0,-1.0,-1.0,,,
2024-01-16,1,2024-01-17,14.0,1.0,,,,39.0,39.0,39.0
2024-01-16,2,2024-01-18,13.0,2.0,,,,29.0,29.0,29.0
2024-01-16,3,2024-01-19,12.0,3.0,,,,31.0,31.0,31.0
2024-01-16,6,2024-01-22,9.0,6.0,,,,32.0,32.0,32.0
2024-01-16,7,2024-01-23,8.0,7.0,,,,34.0,34.0,34.0
2024-01-16,8,2024-01-24,7.0,8.0,,,,35.0,35.0,35.0
2024-01-16,9,2024-01-25,6.0,9.0,,,,33.0,33.0,33.0
2024-01-16,10,2024-01-26,5.0,10.0,,,,31.0,31.0,31.0
2024-01-16,13,2024-01-29,2.0,13.0,,,,37.0,37.0,37.0
2024-01-16,14,2024-01-30,1.0,14.0,,,,33.0,33.0,33.0
2024-01-16,15,2024-01-31,0.0,15.0,,,,36.0,36.0,36.0
2024-01-17,0,2024-01-17,14.0,0.0,1.0,1.0,1.0,,,
2024-01-17,1,2024-01-18,13.0,1.0,,,,10.0,10.0,10.0
2024-01-17,2,2024-01-19,12.0,2.0,,,,8.0,8.0,8.0
2024-01-17,5,2024-01-22,9.0,5.0,,,,7.0,7.0,7.0
2024-01-17,6,2024-01-23,8.0,6.0,,,,5.0,5.0,5.0
2024-01-17,7,2024-01-24,7.0,7.0,,,,4.0,4.0,4.0
2024-01-17,8,2024-01-25,6.0,8.0,,,,6.0,6.0,6.0
2024-01-17,9,2024-01-26,5.0,9.0,,,,8.0,8.0,8.0
2024-01-17,12,2024-01-29,2.0,12.0,,,,2.0,2.0,2.0
2024-01-17,13,2024-01-30,1.0,13.0,,,,6.0,6.0,6.0
2024-01-17,14,2024-01-31,0.0,14.0,,,,3.0,3.0,3.0
2024-01-18,0,2024-01-18,13.0,0.0,1.0,1.0,-1.0,,,
2024-01-18,1,2024-01-19,12.0,1.0,,,,-2.0,-2.0,2.0
2024-01-18,4,2024-01-22,9.0,4.0,,,,-3.0,-3.0,3.0
2024-01-18,5,2024-01-23,8.0,5.0,,,,-5.0,-5.0,5.0
2024-01-18,6,2024-01-24,7.0,6.0,,,,-6.0,-6.0,6.0
2024-01-18,7,2024-01-25,6.0,7.0,,,,-4.0,-4.0,4.0
2024-01-18,8,2024-01-26,5.0,8.0,,,,-2.0,-2.0,2.0
2024-01-18,11,2024-01-29,2.0,11.0,,,,-8.0,-8.0,8.0
2024-01-18,12,2024-01-30,1.0,12.0,,,,-4.0,-4.0,4.0
2024-01-18,13,2024-01-31,0.0,13.0,,,,-7.0,-7.0,7.0
2024-01-19,0,2024-01-19,12.0,0.0,1.0,1.0,-1.0,,,
2024-01-19,3,2024-01-22,9.0,3.0,,,,-1.0,-1.0,1.0
2024-01-19,4,2024-01-23,8.0,4.0,,,,-3.0,-3.0,3.0
2024-01-19,5,2024-01-24,7.0,5.0,,,,-4.0,-4.0,4.0
2024-01-19,6,2024-01-25,6.0,6.0,,,,-2.0,-2.0,2.0
2024-01-19,7,2024-01-26,5.0,7.0,,,,0.0,0.0,0.0
2024-01-19,10,2024-01-29,2.0,10.0,,,,-6.0,-6.0,6.0
2024-01-19,11,2024-01-30,1.0,11.0,,,,-2.0,-2.0,2.0
2024-01-19,12,2024-01-31,0.0,12.0,,,,-5.0,-5.0,5.0
2024-01-22,0,2024-01-22,9.0,0.0,1.0,1.0,-1.0,,,
2024-01-22,1,2024-01-23,8.0,1.0,,,,-2.0,-2.0,2.0
2024-01-22,2,2024-01-24,7.0,2.0,,,,-3.0,-3.0,3.0
2024-01-22,3,2024-01-25,6.0,3.0,,,,-1.0,-1.0,1.0
2024-01-22,4,2024-01-26,5.0,4.0,,,,1.0,1.0,-1.0
2024-01-22,7,2024-01-29,2.0,7.0,,,,-5.0,-5.0,5.0
2024-01-22,8,2024-01-30,1.0,8.0,,,,-1.0,-1.0,1.0
2024-01-22,9,2024-01-31,0.0,9.0,,,,-4.0,-4.0,4.0
2024-01-23,0,2024-01-23,8.0,0.0,1.0,1.0,-1.0,,,
2024-01-23,1,2024-01-24,7.0,1.0,,,,-1.0,-1.0,1.0
2024-01-23,2,2024-01-25,6.0,2.0,,,,1.0,1.0,-1.0
2024-01-23,3,2024-01-26,5.0,3.0,,,,3.0,3.0,-3.0
2024-01-23,6,2024-01-29,2.0,6.0,,,,-3.0,-3.0,3.0
2024-01-23,7,2024-01-30,1.0,7.0,,,,1.0,1.0,-1.0
2024-01-23,8,2024-01-31,0.0,8.0,,,,-2.0,-2.0,2.0
2024-01-24,0,2024-01-24,7.0,0.0,1.0,1.0,-1.0,,,
2024-01-24,1,2024-01-25,6.0,1.0,,,,2.0,2.0,-2.0
2024-01-24,2,2024-01-26,5.0,2.0,,,,4.0,4.0,-4.0
2024-01-24,5,2024-01-29,2.0,5.0,,,,-2.0,-2.0,2.0
2024-01-24,6,2024-01-30,1.0,6.0,,,,2.0,2.0,-2.0
2024-01-24,7,2024-01-31,0.0,7.0,,,,-1.0,-1.0,1.0
2024-01-25,0,2024-01-25,6.0,0.0,-1.0,1.0,-1.0,,,
2024-01-25,1,2024-01-26,5.0,1.0,,,,-2.0,2.0,-2.0
2024-01-25,4,2024-01-29,2.0,4.0,,,,4.0,-4.0,4.0
2024-01-25,5,2024-01-30,1.0,5.0,,,,-0.0,0.0,0.0
2024-01-25,6,2024-01-31,0.0,6.0,,,,3.0,-3.0,3.0
2024-01-26,0,2024-01-26,5.0,0.0,1.0,1.0,-1.0,,,
2024-01-26,3,2024-01-29,2.0,3.0,,,,-6.0,-6.0,6.0
2024-01-26,4,2024-01-30,1.0,4.0,,,,-2.0,-2.0,2.0
2024-01-26,5,2024-01-31,0.0,5.0,,,,-5.0,-5.0,5.0
2024-01-29,0,2024-01-29,2.0,0.0,1.0,-1.0,1.0,,,
2024-01-29,1,2024-01-30,1.0,1.0,,,,4.0,-4.0,4.0
2024-01-29,2,2024-01-31,0.0,2.0,,,,1.0,-1.0,1.0
2024-01-30,0,2024-01-30,1.0,0.0,-1.0,-1.0,-1.0,,,
2024-01-30,1,2024-01-31,0.0,1.0,,,,3.0,3.0,3.0
2024-01-31,0,2024-01-31,0.0,0.0,-1.0,-1.0,0.0,,,
2024-02-01,0,2024-02-01,28.0,0.0,1.0,1.0,-1.0,,,
2024-02-01,1,2024-02-02,27.0,1.0,,,,0.0,0.0,0.0
2024-02-01,4,2024-02-05,24.0,4.0,,,,-4.0,-4.0,4.0
2024-02-01,5,2024-02-06,23.0,5.0,,,,3.0,3.0,-3.0
2024-02-01,6,2024-02-07,22.0,6.0,,,,1.0,1.0,-1.0
2024-02-01,7,2024-02-08,21.0,7.0,,,,6.0,6.0,-6.0
2024-02-01,8,2024-02-09,20.0,8.0,,,,-20.0,-20.0,20.0
2024-02-01,11,2024-02-12,17.0,11.0,,,,-37.0,-37.0,37.0
2024-02-01,12,2024-02-13,16.0,12.0,,,,-53.0,-53.0,53.0
2024-02-01,13,2024-02-14,15.0,13.0,,,,-76.0,-76.0,76.0
2024-02-01,14,2024-02-15,14.0,14.0,,,,-94.0,-94.0,94.0
2024-02-01,15,2024-02-16,13.0,15.0,,,,-110.0,-110.0,110.0
2024-02-01,19,2024-02-20,9.0,19.0,,,,-118.0,-118.0,118.0
2024-02-01,20,2024-02-21,8.0,20.0,,,,-126.0,-126.0,126.0
2024-02-01,21,2024-02-22,7.0,21.0,,,,-133.0,-133.0,133.0
2024-02-01,22,2024-02-23,6.0,22.0,,,,-128.0,-128.0,128.0
2024-02-01,25,2024-02-26,3.0,25.0,,,,-141.0,-141.0,141.0
2024-02-01,26,2024-02-27,2.0,26.0,,,,-147.0,-147.0,147.0
2024-02-01,27,2024-02-28,1.0,27.0,,,,-148.0,-148.0,148.0
2024-02-01,28,2024-02-29,0.0,28.0,,,,-148.0,-148.0,148.0
2024-02-02,0,2024-02-02,27.0,0.0,1.0,1.0,-1.0,,,
2024-02-02,3,2024-02-05,24.0,3.0,,,,-4.0,-4.0,4.0
2024-02-02,4,2024-02-06,23.0,4.0,,,,3.0,3.0,-3.0
2024-02-02,5,2024-02-07,22.0,5.0,,,,1.0,1.0,-1.0
2024-02-02,6,2024-02-08,21.0,6.0,,,,6.0,6.0,-6.0
2024-02-02,7,2024-02-09,20.0,7.0,,,,-20.0,-20.0,20.0
2024-02-02,10,2024-02-12,17.0,10.0,,,,-37.0,-37.0,37.0
2024-02-02,11,2024-02-13,16.0,11.0,,,,-53.0,-53.0,53.0
2024-02-02,12,2024-02-14,15.0,12.0,,,,-76.0,-76.0,76.0
2024-02-02,13,2024-02-15,14.0,13.0,,,,-94.0,-94.0,94.0
2024-02-02,14,2024-02-16,13.0,14.0,,,,-110.0,-110.0,110.0
2024-02-02,18,2024-02-20,9.0,18.0,,,,-118.0,-118.0,118.0
2024-02-02,19,2024-02-21,8.0,19.0,,,,-126.0,-126.0,126.0
2024-02-02,20,2024-02-22,7.0,20.0,,,,-133.0,-133.0,133.0
2024-02-02,21,2024-02-23,6.0,21.0,,,,-128.0,-128.0,128.0
2024-02-02,24,2024-02-26,3.0,24.0,,,,-141.0,-141.0,141.0
2024-02-02,25,2024-02-27,2.0,25.0,,,,-147.0,-147.0,147.0
2024-02-02,26,2024-02-28,1.0,26.0,,,,-148.0,-148.0,148.0
2024-02-02,27,2024-02-29,0.0,27.0,,,,-148.0,-148.0,148.0
2024-02-05,0,2024-02-05,24.0,0.0,1.0,1.0,-1.0,,,
2024-02-05,1,2024-02-06,23.0,1.0,,,,7.0,7.0,-7.0
2024-02-05,2,2024-02-07,22.0,2.0,,,,5.0,5.0,-5.0
2024-02-05,3,2024-02-08,21.0,3.0,,,,10.0,10.0,-10.0
2024-02-05,4,2024-02-09,20.0,4.0,,,,-16.0,-16.0,16.0
2024-02-05,7,2024-02-12,17.0,7.0,,,,-33.0,-33.0,33.0
2024-02-05,8,2024-02-13,16.0,8.0,,,,-49.0,-49.0,49.0
2024-02-05,9,2024-02-14,15.0,9.0,,,,-72.0,-72.0,72.0
2024-02-05,10,2024-02-15,14.0,10.0,,,,-90.0,-90.0,90.0
2024-02-05,11,2024-02-16,13.0,11.0,,,,-106.0,-106.0,106.0
2024-02-05,15,2024-02-20,9.0,15.0,,,,-114.0,-114.0,114.0
2024-02-05,16,2024-02-21,8.0,16.0,,,,-122.0,-122.0,122.0
2024-02-05,17,2024-02-22,7.0,17.0,,,,-129.0,-129.0,129.0
2024-02-05,18,2024-02-23,6.0,18.0,,,,-124.0,-124.0,124.0
2024-02-05,21,2024-02-26,3.0,21.0,,,,-137.0,-137.0,137.0
2024-02-05,22,2024-02-27,2.0,22.0,,,,-143.0,-143.0,143.0
2024-02-05,23,2024-02-28,1.0,23.0,,,,-144.0,-144.0,144.0
2024-02-05,24,2024-02-29,0.0,24.0,,,,-144.0,-144.0,144.0
2024-02-06,0,2024-02-06,23.0,0.0,1.0,1.0,-1.0,,,
2024-02-06,1,2024-02-07,22.0,1.0,,,,-2.0,-2.0,2.0
2024-02-06,2,2024-02-08,21.0,2.0,,,,3.0,3.0,-3.0
2024-02-06,3,2024-02-09,20.0,3.0,,,,-23.0,-23.0,23.0
2024-02-06,6,2024-02-12,17.0,6.0,,,,-40.0,-40.0,40.0
2024-02-06,7,2024-02-13,16.0,7.0,,,,-56.0,-56.0,56.0
2024-02-06,8,2024-02-14,15.0,8.0,,,,-79.0,-79.0,79.0
2024-02-06,9,2024-02-15,14.0,9.0,,,,-97.0,-97.0,97.0
2024-02-06,10,2024-02-16,13.0,10.0,,,,-113.0,-113.0,113.0
2024-02-06,14,2024-02-20,9.0,14.0,,,,-121.0,-121.0,121.0
2024-02-06,15,2024-02-21,8.0,15.0,,,,-129.0,-129.0,129.0
2024-02-06,16,2024-02-22,7.0,16.0,,,,-136.0,-136.0,136.0
2024-02-06,17,2024-02-23,6.0,17.0,,,,-131.0,-131.0,131.0
2024-02-06,20,2024-02-26,3.0,20.0,,,,-144.0,-144.0,144.0
2024-02-06,21,2024-02-27,2.0,21.0,,,,-150.0,-150.0,150.0
2024-02-06,22,2024-02-28,1.0,22.0,,,,-151.0,-151.0,151.0
2024-02-06,23,2024-02-29,0.0,23.0,,,,-151.0,-151.0,151.0
2024-02-07,0,2024-02-07,22.0,0.0,-1.0,1.0,-1.0,,,
2024-02-07,1,2024-02-08,21.0,1.0,,,,-5.0,5.0,-5.0
2024-02-07,2,2024-02-09,20.0,2.0,,,,21.0,-21.0,21.0
2024-02-07,5,2024-02-12,17.0,5.0,,,,38.0,-38.0,38.0
2024-02-07,6,2024-02-13,16.0,6.0,,,,54.0,-54.0,54.0
2024-02-07,7,2024-02-14,15.0,7.0,,,,77.0,-77.0,77.0
2024-02-07,8,2024-02-15,14.0,8.0,,,,95.0,-95.0,95.0
2024-02-07,9,2024-02-16,13.0,9.0,,,,111.0,-111.0,111.0
2024-02-07,13,2024-02-20,9.0,13.0,,,,119.0,-119.0,119.0
2024-02-07,14,2024-02-21,8.0,14.0,,,,127.0,-127.0,127.0
2024-02-07,15,2024-02-22,7.0,15.0,,,,134.0,-134.0,134.0
2024-02-07,16,2024-02-23,6.0,16.0,,,,129.0,-129.0,129.0
2024-02-07,19,2024-02-26,3.0,19.0,,,,142.0,-142.0,142.0
2024-02-07,20,2024-02-27,2.0,20.0,,,,148.0,-148.0,148.0
2024-02-07,21,2024-02-28,1.0,21.0,,,,149.0,-149.0,149.0
2024-02-07,22,2024-02-29,0.0,22.0,,,,149.0,-149.0,149.0
2024-02-08,0,2024-02-08,21.0,0.0,-1.0,1.0,-1.0,,,
2024-02-08,1,2024-02-09,20.0,1.0,,,,26.0,-26.0,26.0
2024-02-08,4,2024-02-12,17.0,4.0,,,,43.0,-43.0,43.0
2024-02-08,5,2024-02-13,16.0,5.0,,,,59.0,-59.0,59.0
2024-02-08,6,2024-02-14,15.0,6.0,,,,82.0,-82.0,82.0
2024-02-08,7,2024-02-15,14.0,7.0,,,,100.0,-100.0,100.0
2024-02-08,8,2024-02-16,13.0,8.0,,,,116.0,-116.0,116.0
2024-02-08,12,2024-02-20,9.0,12.0,,,,124.0,-124.0,124.0
2024-02-08,13,2024-02-21,8.0,13.0,,,,132.0,-132.0,132.0
2024-02-08,14,2024-02-22,7.0,14.0,,,,139.0,-139.0,139.0
2024-02-08,15,2024-02-23,6.0,15.0,,,,134.0,-134.0,134.0
2024-02-08,18,2024-02-26,3.0,18.0,,,,147.0,-147.0,147.0
2024-02-08,19,2024-02-27,2.0,19.0,,,,153.0,-153.0,153.0
2024-02-08,20,2024-02-28,1.0,20.0,,,,154.0,-154.0,154.0
2024-02-08,21,2024-02-29,0.0,21.0,,,,154.0,-154.0,154.0
2024-02-09,0,2024-02-09,20.0,0.0,-1.0,1.0,-1.0,,,
2024-02-09,3,2024-02-12,17.0,3.0,,,,17.0,-17.0,17.0
2024-02-09,4,2024-02-13,16.0,4.0,,,,33.0,-33.0,33.0
2024-02-09,5,2024-02-14,15.0,5.0,,,,56.0,-56.0,56.0
2024-02-09,6,2024-02-15,14.0,6.0,,,,74.0,-74.0,74.0
2024-02-09,7,2024-02-16,13.0,7.0,,,,90.0,-90.0,90.0
2024-02-09,11,2024-02-20,9.0,11.0,,,,98.0,-98.0,98.0
2024-02-09,12,2024-02-21,8.0,12.0,,,,106.0,-106.0,106.0
2024-02-09,13,2024-02-22,7.0,13.0,,,,113.0,-113.0,113.0
2024-02-09,14,2024-02-23,6.0,14.0,,,,108.0,-108.0,108.0
2024-02-09,17,2024-02-26,3.0,17.0,,,,121.0,-121.0,121.0
2024-02-09,18,2024-02-27,2.0,18.0,,,,127.0,-127.0,127.0
2024-02-09,19,2024-02-28,1.0,19.0,,,,128.0,-128.0,128.0
2024-02-09,20,2024-02-29,0.0,20.0,,,,128.0,-128.0,128.0
2024-02-12,0,2024-02-12,17.0,0.0,-1.0,1.0,-1.0,,,
2024-02-12,1,2024-02-13,16.0,1.0,,,,16.0,-16.0,16.0
2024-02-12,2,2024-02-14,15.0,2.0,,,,39.0,-39.0,39.0
2024-02-12,3,2024-02-15,14.0,3.0,,,,57.0,-57.0,57.0
2024-02-12,4,2024-02-16,13.0,4.0,,,,73.0,-73.0,73.0
2024-02-12,8,2024-02-20,9.0,8.0,,,,81.0,-81.0,81.0
2024-02-12,9,2024-02-21,8.0,9.0,,,,89.0,-89.0,89.0
2024-02-12,10,2024-02-22,7.0,10.0,,,,96.0,-96.0,96.0
2024-02-12,11,2024-02-23,6.0,11.0,,,,91.0,-91.0,91.0
2024-02-12,14,2024-02-26,3.0,14.0,,,,104.0,-104.0,104.0
2024-02-12,15,2024-02-27,2.0,15.0,,,,110.0,-110.0,110.0
2024-02-12,16,2024-02-28,1.0,16.0,,,,111.0,-111.0,111.0
2024-02-12,17,2024-02-29,0.0,17.0,,,,111.0,-111.0,111.0
2024-02-13,0,2024-02-13,16.0,0.0,-1.0,1.0,-1.0,,,
2024-02-13,1,2024-02-14,15.0,1.0,,,,23.0,-23.0,23.0
2024-02-13,2,2024-02-15,14.0,2.0,,,,41.0,-41.0,41.0
2024-02-13,3,2024-02-16,13.0,3.0,,,,57.0,-57.0,57.0
2024-02-13,7,2024-02-20,9.0,7.0,,,,65.0,-65.0,65.0
2024-02-13,8,2024-02-21,8.0,8.0,,,,73.0,-73.0,73.0
2024-02-13,9,2024-02-22,7.0,9.0,,,,80.0,-80.0,80.0
2024-02-13,10,2024-02-23,6.0,10.0,,,,75.0,-75.0,75.0
2024-02-13,13,2024-02-26,3.0,13.0,,,,88.0,-88.0,88.0
2024-02-13,14,2024-02-27,2.0,14.0,,,,94.0,-94.0,94.0
2024-02-13,15,2024-02-28,1.0,15.0,,,,95.0,-95.0,95.0
2024-02-13,16,2024-02-29,0.0,16.0,,,,95.0,-95.0,95.0
2024-02-14,0,2024-02-14,15.0,0.0,1.0,1.0,-1.0,,,
2024-02-14,1,2024-02-15,14.0,1.0,,,,-18.0,-18.0,18.0
2024-02-14,2,2024-02-16,13.0,2.0,,,,-34.0,-34.0,34.0
2024-02-14,6,2024-02-20,9.0,6.0,,,,-42.0,-42.0,42.0
2024-02-14,7,2024-02-21,8.0,7.0,,,,-50.0,-50.0,50.0
2024-02-14,8,2024-02-22,7.0,8.0,,,,-57.0,-57.0,57.0
2024-02-14,9,2024-02-23,6.0,9.0,,,,-52.0,-52.0,52.0
2024-02-14,12,2024-02-26,3.0,12.0,,,,-65.0,-65.0,65.0
2024-02-14,13,2024-02-27,2.0,13.0,,,,-71.0,-71.0,71.0
2024-02-14,14,2024-02-28,1.0,14.0,,,,-72.0,-72.0,72.0
2024-02-14,15,2024-02-29,0.0,15.0,,,,-72.0,-72.0,72.0
2024-02-15,0,2024-02-15,14.0,0.0,1.0,1.0,-1.0,,,
2024-02-15,1,2024-02-16,13.0,1.0,,,,-16.0,-16.0,16.0
2024-02-15,5,2024-02-20,9.0,5.0,,,,-24.0,-24.0,24.0
2024-02-15,6,2024-02-21,8.0,6.0,,,,-32.0,-32.0,32.0
2024-02-15,7,2024-02-22,7.0,7.0,,,,-39.0,-39.0,39.0
2024-02-15,8,2024-02-23,6.0,8.0,,,,-34.0,-34.0,34.0
2024-02-15,11,2024-02-26,3.0,11.0,,,,-47.0,-47.0,47.0
2024-02-15,12,2024-02-27,2.0,12.0,,,,-53.0,-53.0,53.0
2024-02-15,13,2024-02-28,1.0,13.0,,,,-54.0,-54.0,54.0
2024-02-15,14,2024-02-29,0.0,14.0,,,,-54.0,-54.0,54.0
2024-02-16,0,2024-02-16,13.0,0.0,1.0,1.0,-1.0,,,
2024-02-16,4,2024-02-20,9.0,4.0,,,,-8.0,-8.0,8.0
2024-02-16,5,2024-02-21,8.0,5.0,,,,-16.0,-16.0,16.0
2024-02-16,6,2024-02-22,7.0,6.0,,,,-23.0,-23.0,23.0
2024-02-16,7,2024-02-23,6.0,7.0,,,,-18.0,-18.0,18.0
2024-02-16,10,2024-02-26,3.0,10.0,,,,-31.0,-31.0,31.0
2024-02-16,11,2024-02-27,2.0,11.0,,,,-37.0,-37.0,37.0
2024-02-16,12,2024-02-28,1.0,12.0,,,,-38.0,-38.0,38.0
2024-02-16,13,2024-02-29,0.0,13.0,,,,-38.0,-38.0,38.0
2024-02-20,0,2024-02-20,9.0,0.0,1.0,1.0,-1.0,,,
2024-02-20,1,2024-02-21,8.0,1.0,,,,-8.0,-8.0,8.0
2024-02-20,2,2024-02-22,7.0,2.0,,,,-15.0,-15.0,15.0
2024-02-20,3,2024-02-23,6.0,3.0,,,,-10.0,-10.0,10.0
2024-02-20,6,2024-02-26,3.0,6.0,,,,-23.0,-23.0,23.0
2024-02-20,7,2024-02-27,2.0,7.0,,,,-29.0,-29.0,29.0
2024-02-20,8,2024-02-28,1.0,8.0,,,,-30.0,-30.0,30.0
2024-02-20,9,2024-02-29,0.0,9.0,,,,-30.0,-30.0,30.0
2024-02-21,0,2024-02-21,8.0,0.0,-1.0,1.0,-1.0,,,
2024-02-21,1,2024-02-22,7.0,1.0,,,,7.0,-7.0,7.0
2024-02-21,2,2024-02-23,6.0,2.0,,,,2.0,-2.0,2.0
2024-02-21,5,2024-02-26,3.0,5.0,,,,15.0,-15.0,15.0
2024-02-21,6,2024-02-27,2.0,6.0,,,,21.0,-21.0,21.0
2024-02-21,7,2024-02-28,1.0,7.0,,,,22.0,-22.0,22.0
2024-02-21,8,2024-02-29,0.0,8.0,,,,22.0,-22.0,22.0
2024-02-22,0,2024-02-22,7.0,0.0,-1.0,1.0,-1.0,,,
2024-02-22,1,2024-02-23,6.0,1.0,,,,-5.0,5.0,-5.0
2024-02-22,4,2024-02-26,3.0,4.0,,,,8.0,-8.0,8.0
2024-02-22,5,2024-02-27,2.0,5.0,,,,14.0,-14.0,14.0
2024-02-22,6,2024-02-28,1.0,6.0,,,,15.0,-15.0,15.0
2024-02-22,7,2024-02-29,0.0,7.0,,,,15.0,-15.0,15.0
2024-02-23,0,2024-02-23,6.0,0.0,-1.0,1.0,-1.0,,,
2024-02-23,3,2024-02-26,3.0,3.0,,,,13.0,-13.0,13.0
2024-02-23,4,2024-02-27,2.0,4.0,,,,19.0,-19.0,19.0
2024-02-23,5,2024-02-28,1.0,5.0,,,,20.0,-20.0,20.0
2024-02-23,6,2024-02-29,0.0,6.0,,,,20.0,-20.0,20.0
2024-02-26,0,2024-02-26,3.0,0.0,1.0,1.0,-1.0,,,
2024-02-26,1,2024-02-27,2.0,1.0,,,,-6.0,-6.0,6.0
2024-02-26,2,2024-02-28,1.0,2.0,,,,-7.0,-7.0,7.0
2024-02-26,3,2024-02-29,0.0,3.0,,,,-7.0,-7.0,7.0
2024-02-27,0,2024-02-27,2.0,0.0,1.0,-1.0,-1.0,,,
2024-02-27,1,2024-02-28,1.0,1.0,,,,-1.0,1.0,1.0
2024-02-27,2,2024-02-29,0.0,2.0,,,,-1.0,1.0,1.0
2024-02-28,0,2024-02-28,1.0,0.0,1.0,-1.0,0.0,,,
2024-02-28,1,2024-02-29,0.0,1.0,,,,0.0,-0.0,0.0
2024-02-29,0,2024-02-29,0.0,0.0,1.0,1.0,0.0,,,
2024-03-01,0,2024-03-01,30.0,0.0,1.0,1.0,-1.0,,,
2024-03-01,3,2024-03-04,27.0,3.0,,,,-18.0,-18.0,18.0
2024-03-01,4,2024-03-05,26.0,4.0,,,,-31.0,-31.0,31.0
2024-03-01,5,2024-03-06,25.0,5.0,,,,-42.0,-42.0,42.0
2024-03-01,6,2024-03-07,24.0,6.0,,,,-25.0,-25.0,25.0
2024-03-01,7,2024-03-08,23.0,7.0,,,,-31.0,-31.0,31.0
2024-03-01,10,2024-03-11,20.0,10.0,,,,13.0,13.0,-13.0
2024-03-01,11,2024-03-12,19.0,11.0,,,,10.0,10.0,-10.0
2024-03-01,12,2024-03-13,18.0,12.0,,,,4.0,4.0,-4.0
2024-03-01,13,2024-03-14,17.0,13.0,,,,4.0,4.0,-4.0
2024-03-01,14,2024-03-15,16.0,14.0,,,,-10.0,-10.0,10.0
2024-03-01,17,2024-03-18,13.0,17.0,,,,-3.0,-3.0,3.0
2024-03-01,18,2024-03-19,12.0,18.0,,,,-1.0,-1.0,1.0
2024-03-01,19,2024-03-20,11.0,19.0,,,,-11.0,-11.0,11.0
2024-03-01,20,2024-03-21,10.0,20.0,,,,-2.0,-2.0,2.0
2024-03-01,21,2024-03-22,9.0,21.0,,,,-19.0,-19.0,19.0
2024-03-01,24,2024-03-25,6.0,24.0,,,,-39.0,-39.0,39.0
2024-03-01,25,2024-03-26,5.0,25.0,,,,-33.0,-33.0,33.0
2024-03-04,0,2024-03-04,27.0,0.0,1.0,1.0,-1.0,,,
2024-03-04,1,2024-03-05,26.0,1.0,,,,-13.0,-13.0,13.0
2024-03-04,2,2024-03-06,25.0,2.0,,,,-24.0,-24.0,24.0
2024-03-04,3,2024-03-07,24.0,3.0,,,,-7.0,-7.0,7.0
2024-03-04,4,2024-03-08,23.0,4.0,,,,-13.0,-13.0,13.0
2024-03-04,7,2024-03-11,20.0,7.0,,,,31.0,31.0,-31.0
2024-03-04,8,2024-03-12,19.0,8.0,,,,28.0,28.0,-28.0
2024-03-04,9,2024-03-13,18.0,9.0,,,,22.0,22.0,-22.0
2024-03-04,10,2024-03-14,17.0,10.0,,,,22.0,22.0,-22.0
2024-03-04,11,2024-03-15,16.0,11.0,,,,8.0,8.0,-8.0
2024-03-04,14,2024-03-18,13.0,14.0,,,,15.0,15.0,-15.0
2024-03-04,15,2024-03-19,12.0,15.0,,,,17.0,17.0,-17.0
2024-03-04,16,2024-03-20,11.0,16.0,,,,7.0,7.0,-7.0
2024-03-04,17,2024-03-21,10.0,17.0,,,,16.0,16.0,-16.0
2024-03-04,18,2024-03-22,9.0,18.0,,,,-1.0,-1.0,1.0
2024-03-04,21,2024-03-25,6.0,21.0,,,,-21.0,-21.0,21.0
2024-03-04,22,2024-03-26,5.0,22.0,,,,-15.0,-15.0,15.0
2024-03-05,0,2024-03-05,26.0,0.0,1.0,1.0,1.0,,,
2024-03-05,1,2024-03-06,25.0,1.0,,,,-11.0,-11.0,-11.0
2024-03-05,2,2024-03-07,24.0,2.0,,,,6.0,6.0,6.0
2024-03-05,3,2024-03-08,23.0,3.0,,,,0.0,0.0,0.0
2024-03-05,6,2024-03-11,20.0,6.0,,,,44.0,44.0,44.0
2024-03-05,7,2024-03-12,19.0,7.0,,,,41.0,41.0,41.0
2024-03-05,8,2024-03-13,18.0,8.0,,,,35.0,35.0,35.0
2024-03-05,9,2024-03-14,17.0,9.0,,,,35.0,35.0,35.0
2024-03-05,10,2024-03-15,16.0,10.0,,,,21.0,21.0,21.0
2024-03-05,13,2024-03-18,13.0,13.0,,,,28.0,28.0,28.0
2024-03-05,14,2024-03-19,12.0,14.0,,,,30.0,30.0,30.0
2024-03-05,15,2024-03-20,11.0,15.0,,,,20.0,20.0,20.0
2024-03-05,16,2024-03-21,10.0,16.0,,,,29.0,29.0,29.0
2024-03-05,17,2024-03-22,9.0,17.0,,,,12.0,12.0,12.0
2024-03-05,20,2024-03-25,6.0,20.0,,,,-8.0,-8.0,-8.0
2024-03-05,21,2024-03-26,5.0,21.0,,,,-2.0,-2.0,-2.0
2024-03-06,0,2024-03-06,25.0,0.0,1.0,1.0,1.0,,,
2024-03-06,1,2024-03-07,24.0,1.0,,,,17.0,17.0,17.0
2024-03-06,2,2024-03-08,23.0,2.0,,,,11.0,11.0,11.0
2024-03-06,5,2024-03-11,20.0,5.0,,,,55.0,55.0,55.0
2024-03-06,6,2024-03-12,19.0,6.0,,,,52.0,52.0,52.0
2024-03-06,7,2024-03-13,18.0,7.0,,,,46.0,46.0,46.0
2024-03-06,8,2024-03-14,17.0,8.0,,,,46.0,46.0,46.0
2024-03-06,9,2024-03-15,16.0,9.0,,,,32.0,32.0,32.0
2024-03-06,12,2024-03-18,13.0,12.0,,,,39.0,39.0,39.0
2024-03-06,13,2024-03-19,12.0,13.0,,,,41.0,41.0,41.0
2024-03-06,14,2024-03-20,11.0,14.0,,,,31.0,31.0,31.0
2024-03-06,15,2024-03-21,10.0,15.0,,,,40.0,40.0,40.0
2024-03-06,16,2024-03-22,9.0,16.0,,,,23.0,23.0,23.0
2024-03-06,19,2024-03-25,6.0,19.0,,,,3.0,3.0,3.0
2024-03-06,20,2024-03-26,5.0,20.0,,,,9.0,9.0,9.0
2024-03-07,0,2024-03-07,24.0,0.0,-1.0,1.0,1.0,,,
2024-03-07,1,2024-03-08,23.0,1.0,,,,6.0,-6.0,-6.0
2024-03-07,4,2024-03-11,20.0,4.0,,,,-38.0,38.0,38.0
2024-03-07,5,2024-03-12,19.0,5.0,,,,-35.0,35.0,35.0
2024-03-07,6,2024-03-13,18.0,6.0,,,,-29.0,29.0,29.0
2024-03-07,7,2024-03-14,17.0,7.0,,,,-29.0,29.0,29.0
2024-03-07,8,2024-03-15,16.0,8.0,,,,-15.0,15.0,15.0
2024-03-07,11,2024-03-18,13.0,11.0,,,,-22.0,22.0,22.0
2024-03-07,12,2024-03-19,12.0,12.0,,,,-24.0,24.0,24.0
2024-03-07,13,2024-03-20,11.0,13.0,,,,-14.0,14.0,14.0
2024-03-07,14,2024-03-21,10.0,14.0,,,,-23.0,23.0,23.0
2024-03-07,15,2024-03-22,9.0,15.0,,,,-6.0,6.0,6.0
2024-03-07,18,2024-03-25,6.0,18.0,,,,14.0,-14.0,-14.0
2024-03-07,19,2024-03-26,5.0,19.0,,,,8.0,-8.0,-8.0
2024-03-08,0,2024-03-08,23.0,0.0,1.0,1.0,1.0,,,
2024-03-08,3,2024-03-11,20.0,3.0,,,,44.0,44.0,44.0
2024-03-08,4,2024-03-12,19.0,4.0,,,,41.0,41.0,41.0
2024-03-08,5,2024-03-13,18.0,5.0,,,,35.0,35.0,35.0
2024-03-08,6,2024-03-14,17.0,6.0,,,,35.0,35.0,35.0
2024-03-08,7,2024-03-15,16.0,7.0,,,,21.0,21.0,21.0
2024-03-08,10,2024-03-18,13.0,10.0,,,,28.0,28.0,28.0
2024-03-08,11,2024-03-19,12.0,11.0,,,,30.0,30.0,30.0
2024-03-08,12,2024-03-20,11.0,12.0,,,,20.0,20.0,20.0
2024-03-08,13,2024-03-21,10.0,13.0,,,,29.0,29.0,29.0
2024-03-08,14,2024-03-22,9.0,14.0,,,,12.0,12.0,12.0
2024-03-08,17,2024-03-25,6.0,17.0,,,,-8.0,-8.0,-8.0
2024-03-08,18,2024-03-26,5.0,18.0,,,,-2.0,-2.0,-2.0
2024-03-11,0,2024-03-11,20.0,0.0,-1.0,-1.0,-1.0,,,
2024-03-11,1,2024-03-12,19.0,1.0,,,,3.0,3.0,3.0
2024-03-11,2,2024-03-13,18.0,2.0,,,,9.0,9.0,9.0
2024-03-11,3,2024-03-14,17.0,3.0,,,,9.0,9.0,9.0
2024-03-11,4,2024-03-15,16.0,4.0,,,,23.0,23.0,23.0
2024-03-11,7,2024-03-18,13.0,7.0,,,,16.0,16.0,16.0
2024-03-11,8,2024-03-19,12.0,8.0,,,,14.0,14.0,14.0
2024-03-11,9,2024-03-20,11.0,9.0,,,,24.0,24.0,24.0
2024-03-11,10,2024-03-21,10.0,10.0,,,,15.0,15.0,15.0
2024-03-11,11,2024-03-22,9.0,11.0,,,,32.0,32.0,32.0
2024-03-11,14,2024-03-25,6.0,14.0,,,,52.0,52.0,52.0
2024-03-11,15,2024-03-26,5.0,15.0,,,,46.0,46.0,46.0
2024-03-12,0,2024-03-12,19.0,0.0,-1.0,-1.0,-1.0,,,
2024-03-12,1,2024-03-13,18.0,1.0,,,,6.0,6.0,6.0
2024-03-12,2,2024-03-14,17.0,2.0,,,,6.0,6.0,6.0
2024-03-12,3,2024-03-15,16.0,3.0,,,,20.0,20.0,20.0
2024-03-12,6,2024-03-18,13.0,6.0,,,,13.0,13.0,13.0
2024-03-12,7,2024-03-19,12.0,7.0,,,,11.0,11.0,11.0
2024-03-12,8,2024-03-20,11.0,8.0,,,,21.0,21.0,21.0
2024-03-12,9,2024-03-21,10.0,9.0,,,,12.0,12.0,12.0
2024-03-12,10,2024-03-22,9.0,10.0,,,,29.0,29.0,29.0
2024-03-12,13,2024-03-25,6.0,13.0,,,,49.0,49.0,49.0
2024-03-12,14,2024-03-26,5.0,14.0,,,,43.0,43.0,43.0
2024-03-13,0,2024-03-13,18.0,0.0,-1.0,-1.0,-1.0,,,
2024-03-13,1,2024-03-14,17.0,1.0,,,,-0.0,-0.0,0.0
2024-03-13,2,2024-03-15,16.0,2.0,,,,14.0,14.0,14.0
2024-03-13,5,2024-03-18,13.0,5.0,,,,7.0,7.0,7.0
2024-03-13,6,2024-03-19,12.0,6.0,,,,5.0,5.0,5.0
2024-03-13,7,2024-03-20,11.0,7.0,,,,15.0,15.0,15.0
2024-03-13,8,2024-03-21,10.0,8.0,,,,6.0,6.0,6.0
2024-03-13,9,2024-03-22,9.0,9.0,,,,23.0,23.0,23.0
2024-03-13,12,2024-03-25,6.0,12.0,,,,43.0,43.0,43.0
2024-03-13,13,2024-03-26,5.0,13.0,,,,37.0,37.0,37.0
2024-03-14,0,2024-03-14,17.0,0.0,-1.0,-1.0,-1.0,,,
2024-03-14,1,2024-03-15,16.0,1.0,,,,14.0,14.0,14.0
2024-03-14,4,2024-03-18,13.0,4.0,,,,7.0,7.0,7.0
2024-03-14,5,2024-03-19,12.0,5.0,,,,5.0,5.0,5.0
2024-03-14,6,2024-03-20,11.0,6.0,,,,15.0,15.0,15.0
2024-03-14,7,2024-03-21,10.0,7.0,,,,6.0,6.0,6.0
2024-03-14,8,2024-03-22,9.0,8.0,,,,23.0,23.0,23.0
2024-03-14,11,2024-03-25,6.0,11.0,,,,43.0,43.0,43.0
2024-03-14,12,2024-03-26,5.0,12.0,,,,37.0,37.0,37.0
2024-03-15,0,2024-03-15,16.0,0.0,-1.0,-1.0,-1.0,,,
2024-03-15,3,2024-03-18,13.0,3.0,,,,-7.0,-7.0,-7.0
2024-03-15,4,2024-03-19,12.0,4.0,,,,-9.0,-9.0,-9.0
2024-03-15,5,2024-03-20,11.0,5.0,,,,1.0,1.0,1.0
2024-03-15,6,2024-03-21,10.0,6.0,,,,-8.0,-8.0,-8.0
2024-03-15,7,2024-03-22,9.0,7.0,,,,9.0,9.0,9.0
2024-03-15,10,2024-03-25,6.0,10.0,,,,29.0,29.0,29.0
2024-03-15,11,2024-03-26,5.0,11.0,,,,23.0,23.0,23.0
2024-03-18,0,2024-03-18,13.0,0.0,-1.0,-1.0,-1.0,,,
2024-03-18,1,2024-03-19,12.0,1.0,,,,-2.0,-2.0,-2.0
2024-03-18,2,2024-03-20,11.0,2.0,,,,8.0,8.0,8.0
2024-03-18,3,2024-03-21,10.0,3.0,,,,-1.0,-1.0,-1.0
2024-03-18,4,2024-03-22,9.0,4.0,,,,16.0,16.0,16.0
2024-03-18,7,2024-03-25,6.0,7.0,,,,36.0,36.0,36.0
2024-03-18,8,2024-03-26,5.0,8.0,,,,30.0,30.0,30.0
2024-03-19,0,2024-03-19,12.0,0.0,-1.0,-1.0,-1.0,,,
2024-03-19,1,2024-03-20,11.0,1.0,,,,10.0,10.0,10.0
2024-03-19,2,2024-03-21,10.0,2.0,,,,1.0,1.0,1.0
2024-03-19,3,2024-03-22,9.0,3.0,,,,18.0,18.0,18.0
2024-03-19,6,2024-03-25,6.0,6.0,,,,38.0,38.0,38.0
2024-03-19,7,2024-03-26,5.0,7.0,,,,32.0,32.0,32.0
2024-03-20,0,2024-03-20,11.0,0.0,-1.0,-1.0,-1.0,,,
2024-03-20,1,2024-03-21,10.0,1.0,,,,-9.0,-9.0,-9.0
2024-03-20,2,2024-03-22,9.0,2.0,,,,8.0,8.0,8.0
2024-03-20,5,2024-03-25,6.0,5.0,,,,28.0,28.0,28.0
2024-03-20,6,2024-03-26,5.0,6.0,,,,22.0,22.0,22.0
2024-03-21,0,2024-03-21,10.0,0.0,-1.0,-1.0,-1.0,,,
2024-03-21,1,2024-03-22,9.0,1.0,,,,17.0,17.0,17.0
2024-03-21,4,2024-03-25,6.0,4.0,,,,37.0,37.0,37.0
2024-03-21,5,2024-03-26,5.0,5.0,,,,31.0,31.0,31.0
2024-03-22,0,2024-03-22,9.0,0.0,-1.0,-1.0,-1.0,,,
2024-03-22,3,2024-03-25,6.0,3.0,,,,20.0,20.0,20.0
2024-03-22,4,2024-03-26,5.0,4.0,,,,14.0,14.0,14.0
2024-03-25,0,2024-03-25,6.0,0.0,1.0,1.0,1.0,,,
2024-03-25,1,2024-03-26,5.0,1.0,,,,6.0,6.0,6.0
2024-03-26,0,2024-03-26,5.0,0.0,1.0,-1.0,1.0,,,
2024-06-04,0,2024-06-04,26.0,0.0,-1.0,-1.0,1.0,,,
2024-06-04,1,2024-06-05,25.0,1.0,,,,-26.0,-26.0,26.0
2024-06-04,2,2024-06-06,24.0,2.0,,,,-41.0,-41.0,41.0
2024-06-04,3,2024-06-07,23.0,3.0,,,,-41.0,-41.0,41.0
2024-06-04,6,2024-06-10,20.0,6.0,,,,-59.0,-59.0,59.0
2024-06-04,7,2024-06-11,19.0,7.0,,,,-76.0,-76.0,76.0
2024-06-04,8,2024-06-12,18.0,8.0,,,,-91.0,-91.0,91.0
2024-06-04,9,2024-06-13,17.0,9.0,,,,-114.0,-114.0,114.0
2024-06-04,10,2024-06-14,16.0,10.0,,,,-110.0,-110.0,110.0
2024-06-04,13,2024-06-17,13.0,13.0,,,,-121.0,-121.0,121.0
2024-06-04,14,2024-06-18,12.0,14.0,,,,-124.0,-124.0,124.0
2024-06-04,16,2024-06-20,10.0,16.0,,,,-107.0,-107.0,107.0
2024-06-04,17,2024-06-21,9.0,17.0,,,,-101.0,-101.0,101.0
2024-06-04,20,2024-06-24,6.0,20.0,,,,-77.0,-77.0,77.0
2024-06-04,21,2024-06-25,5.0,21.0,,,,-71.0,-71.0,71.0
2024-06-04,22,2024-06-26,4.0,22.0,,,,-66.0,-66.0,66.0
2024-06-04,23,2024-06-27,3.0,23.0,,,,-64.0,-64.0,64.0
2024-06-04,24,2024-06-28,2.0,24.0,,,,-65.0,-65.0,65.0
2024-06-05,0,2024-06-05,25.0,0.0,-1.0,-1.0,1.0,,,
2024-06-05,1,2024-06-06,24.0,1.0,,,,-15.0,-15.0,15.0
2024-06-05,2,2024-06-07,23.0,2.0,,,,-15.0,-15.0,15.0
2024-06-05,5,2024-06-10,20.0,5.0,,,,-33.0,-33.0,33.0
2024-06-05,6,2024-06-11,19.0,6.0,,,,-50.0,-50.0,50.0
2024-06-05,7,2024-06-12,18.0,7.0,,,,-65.0,-65.0,65.0
2024-06-05,8,2024-06-13,17.0,8.0,,,,-88.0,-88.0,88.0
2024-06-05,9,2024-06-14,16.0,9.0,,,,-84.0,-84.0,84.0
2024-06-05,12,2024-06-17,13.0,12.0,,,,-95.0,-95.0,95.0
2024-06-05,13,2024-06-18,12.0,13.0,,,,-98.0,-98.0,98.0
2024-06-05,15,2024-06-20,10.0,15.0,,,,-81.0,-81.0,81.0
2024-06-05,16,2024-06-21,9.0,16.0,,,,-75.0,-75.0,75.0
2024-06-05,19,2024-06-24,6.0,19.0,,,,-51.0,-51.0,51.0
2024-06-05,20,2024-06-25,5.0,20.0,,,,-45.0,-45.0,45.0
2024-06-05,21,2024-06-26,4.0,21.0,,,,-40.0,-40.0,40.0
2024-06-05,22,2024-06-27,3.0,22.0,,,,-38.0,-38.0,38.0
2024-06-05,23,2024-06-28,2.0,23.0,,,,-39.0,-39.0,39.0
2024-06-06,0,2024-06-06,24.0,0.0,-1.0,-1.0,1.0,,,
2024-06-06,1,2024-06-07,23.0,1.0,,,,-0.0,-0.0,0.0
2024-06-06,4,2024-06-10,20.0,4.0,,,,-18.0,-18.0,18.0
2024-06-06,5,2024-06-11,19.0,5.0,,,,-35.0,-35.0,35.0
2024-06-06,6,2024-06-12,18.0,6.0,,,,-50.0,-50.0,50.0
2024-06-06,7,2024-06-13,17.0,7.0,,,,-73.0,-73.0,73.0
2024-06-06,8,2024-06-14,16.0,8.0,,,,-69.0,-69.0,69.0
2024-06-06,11,2024-06-17,13.0,11.0,,,,-80.0,-80.0,80.0
2024-06-06,12,2024-06-18,12.0,12.0,,,,-83.0,-83.0,83.0
2024-06-06,14,2024-06-20,10.0,14.0,,,,-66.0,-66.0,66.0
2024-06-06,15,2024-06-21,9.0,15.0,,,,-60.0,-60.0,60.0
2024-06-06,18,2024-06-24,6.0,18.0,,,,-36.0,-36.0,36.0
2024-06-06,19,2024-06-25,5.0,19.0,,,,-30.0,-30.0,30.0
2024-06-06,20,2024-06-26,4.0,20.0,,,,-25.0,-25.0,25.0
2024-06-06,21,2024-06-27,3.0,21.0,,,,-23.0,-23.0,23.0
2024-06-06,22,2024-06-28,2.0,22.0,,,,-24.0,-24.0,24.0
2024-06-07,0,2024-06-07,23.0,0.0,-1.0,-1.0,1.0,,,
2024-06-07,3,2024-06-10,20.0,3.0,,,,-18.0,-18.0,18.0
2024-06-07,4,2024-06-11,19.0,4.0,,,,-35.0,-35.0,35.0
2024-06-07,5,2024-06-12,18.0,5.0,,,,-50.0,-50.0,50.0
2024-06-07,6,2024-06-13,17.0,6.0,,,,-73.0,-73.0,73.0
2024-06-07,7,2024-06-14,16.0,7.0,,,,-69.0,-69.0,69.0
2024-06-07,10,2024-06-17,13.0,10.0,,,,-80.0,-80.0,80.0
2024-06-07,11,2024-06-18,12.0,11.0,,,,-83.0,-83.0,83.0
2024-06-07,13,2024-06-20,10.0,13.0,,,,-66.0,-66.0,66.0
2024-06-07,14,2024-06-21,9.0,14.0,,,,-60.0,-60.0,60.0
2024-06-07,17,2024-06-24,6.0,17.0,,,,-36.0,-36.0,36.0
2024-06-07,18,2024-06-25,5.0,18.0,,,,-30.0,-30.0,30.0
2024-06-07,19,2024-06-26,4.0,19.0,,,,-25.0,-25.0,25.0
2024-06-07,20,2024-06-27,3.0,20.0,,,,-23.0,-23.0,23.0
2024-06-07,21,2024-06-28,2.0,21.0,,,,-24.0,-24.0,24.0
2024-06-10,0,2024-06-10,20.0,0.0,-1.0,-1.0,1.0,,,
2024-06-10,1,2024-06-11,19.0,1.0,,,,-17.0,-17.0,17.0
2024-06-10,2,2024-06-12,18.0,2.0,,,,-32.0,-32.0,32.0
2024-06-10,3,2024-06-13,17.0,3.0,,,,-55.0,-55.0,55.0
2024-06-10,4,2024-06-14,16.0,4.0,,,,-51.0,-51.0,51.0
2024-06-10,7,2024-06-17,13.0,7.0,,,,-62.0,-62.0,62.0
2024-06-10,8,2024-06-18,12.0,8.0,,,,-65.0,-65.0,65.0
2024-06-10,10,2024-06-20,10.0,10.0,,,,-48.0,-48.0,48.0
2024-06-10,11,2024-06-21,9.0,11.0,,,,-42.0,-42.0,42.0
2024-06-10,14,2024-06-24,6.0,14.0,,,,-18.0,-18.0,18.0
2024-06-10,15,2024-06-25,5.0,15.0,,,,-12.0,-12.0,12.0
2024-06-10,16,2024-06-26,4.0,16.0,,,,-7.0,-7.0,7.0
2024-06-10,17,2024-06-27,3.0,17.0,,,,-5.0,-5.0,5.0
2024-06-10,18,2024-06-28,2.0,18.0,,,,-6.0,-6.0,6.0
2024-06-11,0,2024-06-11,19.0,0.0,-1.0,-1.0,-1.0,,,
2024-06-11,1,2024-06-12,18.0,1.0,,,,-15.0,-15.0,-15.0
2024-06-11,2,2024-06-13,17.0,2.0,,,,-38.0,-38.0,-38.0
2024-06-11,3,2024-06-14,16.0,3.0,,,,-34.0,-34.0,-34.0
2024-06-11,6,2024-06-17,13.0,6.0,,,,-45.0,-45.0,-45.0
2024-06-11,7,2024-06-18,12.0,7.0,,,,-48.0,-48.0,-48.0
2024-06-11,9,2024-06-20,10.0,9.0,,,,-31.0,-31.0,-31.0
2024-06-11,10,2024-06-21,9.0,10.0,,,,-25.0,-25.0,-25.0
2024-06-11,13,2024-06-24,6.0,13.0,,,,-1.0,-1.0,-1.0
2024-06-11,14,2024-06-25,5.0,14.0,,,,5.0,5.0,5.0
2024-06-11,15,2024-06-26,4.0,15.0,,,,10.0,10.0,10.0
2024-06-11,16,2024-06-27,3.0,16.0,,,,12.0,12.0,12.0
2024-06-11,17,2024-06-28,2.0,17.0,,,,11.0,11.0,11.0
2024-06-12,0,2024-06-12,18.0,0.0,-1.0,-1.0,-1.0,,,
2024-06-12,1,2024-06-13,17.0,1.0,,,,-23.0,-23.0,-23.0
2024-06-12,2,2024-06-14,16.0,2.0,,,,-19.0,-19.0,-19.0
2024-06-12,5,2024-06-17,13.0,5.0,,,,-30.0,-30.0,-30.0
2024-06-12,6,2024-06-18,12.0,6.0,,,,-33.0,-33.0,-33.0
2024-06-12,8,2024-06-20,10.0,8.0,,,,-16.0,-16.0,-16.0
2024-06-12,9,2024-06-21,9.0,9.0,,,,-10.0,-10.0,-10.0
2024-06-12,12,2024-06-24,6.0,12.0,,,,14.0,14.0,14.0
2024-06-12,13,2024-06-25,5.0,13.0,,,,20.0,20.0,20.0
2024-06-12,14,2024-06-26,4.0,14.0,,,,25.0,25.0,25.0
2024-06-12,15,2024-06-27,3.0,15.0,,,,27.0,27.0,27.0
2024-06-12,16,2024-06-28,2.0,16.0,,,,26.0,26.0,26.0
2024-06-13,0,2024-06-13,17.0,0.0,-1.0,-1.0,-1.0,,,
2024-06-13,1,2024-06-14,16.0,1.0,,,,4.0,4.0,4.0
2024-06-13,4,2024-06-17,13.0,4.0,,,,-7.0,-7.0,-7.0
2024-06-13,5,2024-06-18,12.0,5.0,,,,-10.0,-10.0,-10.0
2024-06-13,7,2024-06-20,10.0,7.0,,,,7.0,7.0,7.0
2024-06-13,8,2024-06-21,9.0,8.0,,,,13.0,13.0,13.0
2024-06-13,11,2024-06-24,6.0,11.0,,,,37.0,37.0,37.0
2024-06-13,12,2024-06-25,5.0,12.0,,,,43.0,43.0,43.0
2024-06-13,13,2024-06-26,4.0,13.0,,,,48.0,48.0,48.0
2024-06-13,14,2024-06-27,3.0,14.0,,,,50.0,50.0,50.0
2024-06-13,15,2024-06-28,2.0,15.0,,,,49.0,49.0,49.0
2024-06-14,0,2024-06-14,16.0,0.0,-1.0,-1.0,-1.0,,,
2024-06-14,3,2024-06-17,13.0,3.0,,,,-11.0,-11.0,-11.0
2024-06-14,4,2024-06-18,12.0,4.0,,,,-14.0,-14.0,-14.0
2024-06-14,6,2024-06-20,10.0,6.0,,,,3.0,3.0,3.0
2024-06-14,7,2024-06-21,9.0,7.0,,,,9.0,9.0,9.0
2024-06-14,10,2024-06-24,6.0,10.0,,,,33.0,33.0,33.0
2024-06-14,11,2024-06-25,5.0,11.0,,,,39.0,39.0,39.0
2024-06-14,12,2024-06-26,4.0,12.0,,,,44.0,44.0,44.0
2024-06-14,13,2024-06-27,3.0,13.0,,,,46.0,46.0,46.0
2024-06-14,14,2024-06-28,2.0,14.0,,,,45.0,45.0,45.0
2024-06-17,0,2024-06-17,13.0,0.0,-1.0,-1.0,-1.0,,,
2024-06-17,1,2024-06-18,12.0,1.0,,,,-3.0,-3.0,-3.0
2024-06-17,3,2024-06-20,10.0,3.0,,,,14.0,14.0,14.0
2024-06-17,4,2024-06-21,9.0,4.0,,,,20.0,20.0,20.0
2024-06-17,7,2024-06-24,6.0,7.0,,,,44.0,44.0,44.0
2024-06-17,8,2024-06-25,5.0,8.0,,,,50.0,50.0,50.0
2024-06-17,9,2024-06-26,4.0,9.0,,,,55.0,55.0,55.0
2024-06-17,10,2024-06-27,3.0,10.0,,,,57.0,57.0,57.0
2024-06-17,11,2024-06-28,2.0,11.0,,,,56.0,56.0,56.0
2024-06-18,0,2024-06-18,12.0,0.0,-1.0,-1.0,-1.0,,,
2024-06-18,2,2024-06-20,10.0,2.0,,,,17.0,17.0,17.0
2024-06-18,3,2024-06-21,9.0,3.0,,,,23.0,23.0,23.0
2024-06-18,6,2024-06-24,6.0,6.0,,,,47.0,47.0,47.0
2024-06-18,7,2024-06-25,5.0,7.0,,,,53.0,53.0,53.0
2024-06-18,8,2024-06-26,4.0,8.0,,,,58.0,58.0,58.0
2024-06-18,9,2024-06-27,3.0,9.0,,,,60.0,60.0,60.0
2024-06-18,10,2024-06-28,2.0,10.0,,,,59.0,59.0,59.0
2024-06-20,0,2024-06-20,10.0,0.0,-1.0,-1.0,-1.0,,,
2024-06-20,1,2024-06-21,9.0,1.0,,,,6.0,6.0,6.0
2024-06-20,4,2024-06-24,6.0,4.0,,,,30.0,30.0,30.0
2024-06-20,5,2024-06-25,5.0,5.0,,,,36.0,36.0,36.0
2024-06-20,6,2024-06-26,4.0,6.0,,,,41.0,41.0,41.0
2024-06-20,7,2024-06-27,3.0,7.0,,,,43.0,43.0,43.0
2024-06-20,8,2024-06-28,2.0,8.0,,,,42.0,42.0,42.0
2024-06-21,0,2024-06-21,9.0,0.0,-1.0,-1.0,-1.0,,,
2024-06-21,3,2024-06-24,6.0,3.0,,,,24.0,24.0,24.0
2024-06-21,4,2024-06-25,5.0,4.0,,,,30.0,30.0,30.0
2024-06-21,5,2024-06-26,4.0,5.0,,,,35.0,35.0,35.0
2024-06-21,6,2024-06-27,3.0,6.0,,,,37.0,37.0,37.0
2024-06-21,7,2024-06-28,2.0,7.0,,,,36.0,36.0,36.0
2024-06-24,0,2024-06-24,6.0,0.0,-1.0,-1.0,-1.0,,,
2024-06-24,1,2024-06-25,5.0,1.0,,,,6.0,6.0,6.0
2024-06-24,2,2024-06-26,4.0,2.0,,,,11.0,11.0,11.0
2024-06-24,3,2024-06-27,3.0,3.0,,,,13.0,13.0,13.0
2024-06-24,4,2024-06-28,2.0,4.0,,,,12.0,12.0,12.0
2024-06-25,0,2024-06-25,5.0,0.0,-1.0,1.0,-1.0,,,
2024-06-25,1,2024-06-26,4.0,1.0,,,,5.0,-5.0,5.0
2024-06-25,2,2024-06-27,3.0,2.0,,,,7.0,-7.0,7.0
2024-06-25,3,2024-06-28,2.0,3.0,,,,6.0,-6.0,6.0
2024-06-26,0,2024-06-26,4.0,0.0,-1.0,1.0,-1.0,,,
2024-06-26,1,2024-06-27,3.0,1.0,,,,2.0,-2.0,2.0
2024-06-26,2,2024-06-28,2.0,2.0,,,,1.0,-1.0,1.0
2024-06-27,0,2024-06-27,3.0,0.0,-1.0,1.0,1.0,,,
2024-06-27,1,2024-06-28,2.0,1.0,,,,-1.0,1.0,1.0
2024-06-28,0,2024-06-28,2.0,0.0,-1.0,-1.0,0.0,,,
2024-07-01,0,2024-07-01,30.0,0.0,-1.0,-1.0,-1.0,,,
2024-07-01,1,2024-07-02,29.0,1.0,,,,15.0,15.0,15.0
2024-07-01,2,2024-07-03,28.0,2.0,,,,23.0,23.0,23.0
2024-07-01,4,2024-07-05,26.0,4.0,,,,10.0,10.0,10.0
2024-07-01,7,2024-07-08,23.0,7.0,,,,23.0,23.0,23.0
2024-07-01,8,2024-07-09,22.0,8.0,,,,25.0,25.0,25.0
2024-07-01,9,2024-07-10,21.0,9.0,,,,36.0,36.0,36.0
2024-07-01,10,2024-07-11,20.0,10.0,,,,36.0,36.0,36.0
2024-07-01,11,2024-07-12,19.0,11.0,,,,36.0,36.0,36.0
2024-07-01,14,2024-07-15,16.0,14.0,,,,66.0,66.0,66.0
2024-07-01,15,2024-07-16,15.0,15.0,,,,66.0,66.0,66.0
2024-07-01,16,2024-07-17,14.0,16.0,,,,60.0,60.0,60.0
2024-07-01,17,2024-07-18,13.0,17.0,,,,63.0,63.0,63.0
2024-07-01,18,2024-07-19,12.0,18.0,,,,64.0,64.0,64.0
2024-07-01,21,2024-07-22,9.0,21.0,,,,69.0,69.0,69.0
2024-07-01,22,2024-07-23,8.0,22.0,,,,70.0,70.0,70.0
2024-07-01,23,2024-07-24,7.0,23.0,,,,74.0,74.0,74.0
2024-07-01,24,2024-07-25,6.0,24.0,,,,72.0,72.0,72.0
2024-07-01,25,2024-07-26,5.0,25.0,,,,74.0,74.0,74.0
2024-07-01,28,2024-07-29,2.0,28.0,,,,75.0,75.0,75.0
2024-07-01,29,2024-07-30,1.0,29.0,,,,73.0,73.0,73.0
2024-07-01,30,2024-07-31,0.0,30.0,,,,72.0,72.0,72.0
2024-07-02,0,2024-07-02,29.0,0.0,-1.0,-1.0,-1.0,,,
2024-07-02,1,2024-07-03,28.0,1.0,,,,8.0,8.0,8.0
2024-07-02,3,2024-07-05,26.0,3.0,,,,-5.0,-5.0,-5.0
2024-07-02,6,2024-07-08,23.0,6.0,,,,8.0,8.0,8.0
2024-07-02,7,2024-07-09,22.0,7.0,,,,10.0,10.0,10.0
2024-07-02,8,2024-07-10,21.0,8.0,,,,21.0,21.0,21.0
2024-07-02,9,2024-07-11,20.0,9.0,,,,21.0,21.0,21.0
2024-07-02,10,2024-07-12,19.0,10.0,,,,21.0,21.0,21.0
2024-07-02,13,2024-07-15,16.0,13.0,,,,51.0,51.0,51.0
2024-07-02,14,2024-07-16,15.0,14.0,,,,51.0,51.0,51.0
2024-07-02,15,2024-07-17,14.0,15.0,,,,45.0,45.0,45.0
2024-07-02,16,2024-07-18,13.0,16.0,,,,48.0,48.0,48.0
2024-07-02,17,2024-07-19,12.0,17.0,,,,49.0,49.0,49.0
2024-07-02,20,2024-07-22,9.0,20.0,,,,54.0,54.0,54.0
2024-07-02,21,2024-07-23,8.0,21.0,,,,55.0,55.0,55.0
2024-07-02,22,2024-07-24,7.0,22.0,,,,59.0,59.0,59.0
2024-07-02,23,2024-07-25,6.0,23.0,,,,57.0,57.0,57.0
2024-07-02,24,2024-07-26,5.0,24.0,,,,59.0,59.0,59.0
2024-07-02,27,2024-07-29,2.0,27.0,,,,60.0,60.0,60.0
2024-07-02,28,2024-07-30,1.0,28.0,,,,58.0,58.0,58.0
2024-07-02,29,2024-07-31,0.0,29.0,,,,57.0,57.0,57.0
2024-07-03,0,2024-07-03,28.0,0.0,-1.0,-1.0,-1.0,,,
2024-07-03,2,2024-07-05,26.0,2.0,,,,-13.0,-13.0,-13.0
2024-07-03,5,2024-07-08,23.0,5.0,,,,-0.0,-0.0,0.0
2024-07-03,6,2024-07-09,22.0,6.0,,,,2.0,2.0,2.0
2024-07-03,7,2024-07-10,21.0,7.0,,,,13.0,13.0,13.0
2024-07-03,8,2024-07-11,20.0,8.0,,,,13.0,13.0,13.0
2024-07-03,9,2024-07-12,19.0,9.0,,,,13.0,13.0,13.0
2024-07-03,12,2024-07-15,16.0,12.0,,,,43.0,43.0,43.0
2024-07-03,13,2024-07-16,15.0,13.0,,,,43.0,43.0,43.0
2024-07-03,14,2024-07-17,14.0,14.0,,,,37.0,37.0,37.0
2024-07-03,15,2024-07-18,13.0,15.0,,,,40.0,40.0,40.0
2024-07-03,16,2024-07-19,12.0,16.0,,,,41.0,41.0,41.0
2024-07-03,19,2024-07-22,9.0,19.0,,,,46.0,46.0,46.0
2024-07-03,20,2024-07-23,8.0,20.0,,,,47.0,47.0,47.0
2024-07-03,21,2024-07-24,7.0,21.0,,,,51.0,51.0,51.0
2024-07-03,22,2024-07-25,6.0,22.0,,,,49.0,49.0,49.0
2024-07-03,23,2024-07-26,5.0,23.0,,,,51.0,51.0,51.0
2024-07-03,26,2024-07-29,2.0,26.0,,,,52.0,52.0,52.0
2024-07-03,27,2024-07-30,1.0,27.0,,,,50.0,50.0,50.0
2024-07-03,28,2024-07-31,0.0,28.0,,,,49.0,49.0,49.0
2024-07-05,0,2024-07-05,26.0,0.0,-1.0,-1.0,-1.0,,,
2024-07-05,3,2024-07-08,23.0,3.0,,,,13.0,13.0,13.0
2024-07-05,4,2024-07-09,22.0,4.0,,,,15.0,15.0,15.0
2024-07-05,5,2024-07-10,21.0,5.0,,,,26.0,26.0,26.0
2024-07-05,6,2024-07-11,20.0,6.0,,,,26.0,26.0,26.0
2024-07-05,7,2024-07-12,19.0,7.0,,,,26.0,26.0,26.0
2024-07-05,10,2024-07-15,16.0,10.0,,,,56.0,56.0,56.0
2024-07-05,11,2024-07-16,15.0,11.0,,,,56.0,56.0,56.0
2024-07-05,12,2024-07-17,14.0,12.0,,,,50.0,50.0,50.0
2024-07-05,13,2024-07-18,13.0,13.0,,,,53.0,53.0,53.0
2024-07-05,14,2024-07-19,12.0,14.0,,,,54.0,54.0,54.0
2024-07-05,17,2024-07-22,9.0,17.0,,,,59.0,59.0,59.0
2024-07-05,18,2024-07-23,8.0,18.0,,,,60.0,60.0,60.0
2024-07-05,19,2024-07-24,7.0,19.0,,,,64.0,64.0,64.0
2024-07-05,20,2024-07-25,6.0,20.0,,,,62.0,62.0,62.0
2024-07-05,21,2024-07-26,5.0,21.0,,,,64.0,64.0,64.0
2024-07-05,24,2024-07-29,2.0,24.0,,,,65.0,65.0,65.0
2024-07-05,25,2024-07-30,1.0,25.0,,,,63.0,63.0,63.0
2024-07-05,26,2024-07-31,0.0,26.0,,,,62.0,62.0,62.0
2024-07-08,0,2024-07-08,23.0,0.0,-1.0,-1.0,-1.0,,,
2024-07-08,1,2024-07-09,22.0,1.0,,,,2.0,2.0,2.0
2024-07-08,2,2024-07-10,21.0,2.0,,,,13.0,13.0,13.0
2024-07-08,3,2024-07-11,20.0,3.0,,,,13.0,13.0,13.0
2024-07-08,4,2024-07-12,19.0,4.0,,,,13.0,13.0,13.0
2024-07-08,7,2024-07-15,16.0,7.0,,,,43.0,43.0,43.0
2024-07-08,8,2024-07-16,15.0,8.0,,,,43.0,43.0,43.0
2024-07-08,9,2024-07-17,14.0,9.0,,,,37.0,37.0,37.0
2024-07-08,10,2024-07-18,13.0,10.0,,,,40.0,40.0,40.0
2024-07-08,11,2024-07-19,12.0,11.0,,,,41.0,41.0,41.0
2024-07-08,14,2024-07-22,9.0,14.0,,,,46.0,46.0,46.0
2024-07-08,15,2024-07-23,8.0,15.0,,,,47.0,47.0,47.0
2024-07-08,16,2024-07-24,7.0,16.0,,,,51.0,51.0,51.0
2024-07-08,17,2024-07-25,6.0,17.0,,,,49.0,49.0,49.0
2024-07-08,18,2024-07-26,5.0,18.0,,,,51.0,51.0,51.0
2024-07-08,21,2024-07-29,2.0,21.0,,,,52.0,52.0,52.0
2024-07-08,22,2024-07-30,1.0,22.0,,,,50.0,50.0,50.0
2024-07-08,23,2024-07-31,0.0,23.0,,,,49.0,49.0,49.0
2024-07-09,0,2024-07-09,22.0,0.0,-1.0,-1.0,-1.0,,,
2024-07-09,1,2024-07-10,21.0,1.0,,,,11.0,11.0,11.0
2024-07-09,2,2024-07-11,20.0,2.0,,,,11.0,11.0,11.0
2024-07-09,3,2024-07-12,19.0,3.0,,,,11.0,11.0,11.0
2024-07-09,6,2024-07-15,16.0,6.0,,,,41.0,41.0,41.0
2024-07-09,7,2024-07-16,15.0,7.0,,,,41.0,41.0,41.0
2024-07-09,8,2024-07-17,14.0,8.0,,,,35.0,35.0,35.0
2024-07-09,9,2024-07-18,13.0,9.0,,,,38.0,38.0,38.0
2024-07-09,10,2024-07-19,12.0,10.0,,,,39.0,39.0,39.0
2024-07-09,13,2024-07-22,9.0,13.0,,,,44.0,44.0,44.0
2024-07-09,14,2024-07-23,8.0,14.0,,,,45.0,45.0,45.0
2024-07-09,15,2024-07-24,7.0,15.0,,,,49.0,49.0,49.0
2024-07-09,16,2024-07-25,6.0,16.0,,,,47.0,47.0,47.0
2024-07-09,17,2024-07-26,5.0,17.0,,,,49.0,49.0,49.0
2024-07-09,20,2024-07-29,2.0,20.0,,,,50.0,50.0,50.0
2024-07-09,21,2024-07-30,1.0,21.0,,,,48.0,48.0,48.0
2024-07-09,22,2024-07-31,0.0,22.0,,,,47.0,47.0,47.0
2024-07-10,0,2024-07-10,21.0,0.0,-1.0,-1.0,-1.0,,,
2024-07-10,1,2024-07-11,20.0,1.0,,,,-0.0,-0.0,0.0
2024-07-10,2,2024-07-12,19.0,2.0,,,,-0.0,-0.0,0.0
2024-07-10,5,2024-07-15,16.0,5.0,,,,30.0,30.0,30.0
2024-07-10,6,2024-07-16,15.0,6.0,,,,30.0,30.0,30.0
2024-07-10,7,2024-07-17,14.0,7.0,,,,24.0,24.0,24.0
2024-07-10,8,2024-07-18,13.0,8.0,,,,27.0,27.0,27.0
2024-07-10,9,2024-07-19,12.0,9.0,,,,28.0,28.0,28.0
2024-07-10,12,2024-07-22,9.0,12.0,,,,33.0,33.0,33.0
2024-07-10,13,2024-07-23,8.0,13.0,,,,34.0,34.0,34.0
2024-07-10,14,2024-07-24,7.0,14.0,,,,38.0,38.0,38.0
2024-07-10,15,2024-07-25,6.0,15.0,,,,36.0,36.0,36.0
2024-07-10,16,2024-07-26,5.0,16.0,,,,38.0,38.0,38.0
2024-07-10,19,2024-07-29,2.0,19.0,,,,39.0,39.0,39.0
2024-07-10,20,2024-07-30,1.0,20.0,,,,37.0,37.0,37.0
2024-07-10,21,2024-07-31,0.0,21.0,,,,36.0,36.0,36.0
2024-07-11,0,2024-07-11,20.0,0.0,-1.0,-1.0,-1.0,,,
2024-07-11,1,2024-07-12,19.0,1.0,,,,-0.0,-0.0,0.0
2024-07-11,4,2024-07-15,16.0,4.0,,,,30.0,30.0,30.0
2024-07-11,5,2024-07-16,15.0,5.0,,,,30.0,30.0,30.0
2024-07-11,6,2024-07-17,14.0,6.0,,,,24.0,24.0,24.0
2024-07-11,7,2024-07-18,13.0,7.0,,,,27.0,27.0,27.0
2024-07-11,8,2024-07-19,12.0,8.0,,,,28.0,28.0,28.0
2024-07-11,11,2024-07-22,9.0,11.0,,,,33.0,33.0,33.0
2024-07-11,12,2024-07-23,8.0,12.0,,,,34.0,34.0,34.0
2024-07-11,13,2024-07-24,7.0,13.0,,,,38.0,38.0,38.0
2024-07-11,14,2024-07-25,6.0,14.0,,,,36.0,36.0,36.0
2024-07-11,15,2024-07-26,5.0,15.0,,,,38.0,38.0,38.0
2024-07-11,18,2024-07-29,2.0,18.0,,,,39.0,39.0,39.0
2024-07-11,19,2024-07-30,1.0,19.0,,,,37.0,37.0,37.0
2024-07-11,20,2024-07-31,0.0,20.0,,,,36.0,36.0,36.0
2024-07-12,0,2024-07-12,19.0,0.0,-1.0,-1.0,-1.0,,,
2024-07-12,3,2024-07-15,16.0,3.0,,,,30.0,30.0,30.0
2024-07-12,4,2024-07-16,15.0,4.0,,,,30.0,30.0,30.0
2024-07-12,5,2024-07-17,14.0,5.0,,,,24.0,24.0,24.0
2024-07-12,6,2024-07-18,13.0,6.0,,,,27.0,27.0,27.0
2024-07-12,7,2024-07-19,12.0,7.0,,,,28.0,28.0,28.0
2024-07-12,10,2024-07-22,9.0,10.0,,,,33.0,33.0,33.0
2024-07-12,11,2024-07-23,8.0,11.0,,,,34.0,34.0,34.0
2024-07-12,12,2024-07-24,7.0,12.0,,,,38.0,38.0,38.0
2024-07-12,13,2024-07-25,6.0,13.0,,,,36.0,36.0,36.0
2024-07-12,14,2024-07-26,5.0,14.0,,,,38.0,38.0,38.0
2024-07-12,17,2024-07-29,2.0,17.0,,,,39.0,39.0,39.0
2024-07-12,18,2024-07-30,1.0,18.0,,,,37.0,37.0,37.0
2024-07-12,19,2024-07-31,0.0,19.0,,,,36.0,36.0,36.0
2024-07-15,0,2024-07-15,16.0,0.0,-1.0,1.0,-1.0,,,
2024-07-15,1,2024-07-16,15.0,1.0,,,,-0.0,0.0,0.0
2024-07-15,2,2024-07-17,14.0,2.0,,,,-6.0,6.0,-6.0
2024-07-15,3,2024-07-18,13.0,3.0,,,,-3.0,3.0,-3.0
2024-07-15,4,2024-07-19,12.0,4.0,,,,-2.0,2.0,-2.0
2024-07-15,7,2024-07-22,9.0,7.0,,,,3.0,-3.0,3.0
2024-07-15,8,2024-07-23,8.0,8.0,,,,4.0,-4.0,4.0
2024-07-15,9,2024-07-24,7.0,9.0,,,,8.0,-8.0,8.0
2024-07-15,10,2024-07-25,6.0,10.0,,,,6.0,-6.0,6.0
2024-07-15,11,2024-07-26,5.0,11.0,,,,8.0,-8.0,8.0
2024-07-15,14,2024-07-29,2.0,14.0,,,,9.0,-9.0,9.0
2024-07-15,15,2024-07-30,1.0,15.0,,,,7.0,-7.0,7.0
2024-07-15,16,2024-07-31,0.0,16.0,,,,6.0,-6.0,6.0
2024-07-16,0,2024-07-16,15.0,0.0,-1.0,1.0,-1.0,,,
2024-07-16,1,2024-07-17,14.0,1.0,,,,-6.0,6.0,-6.0
2024-07-16,2,2024-07-18,13.0,2.0,,,,-3.0,3.0,-3.0
2024-07-16,3,2024-07-19,12.0,3.0,,,,-2.0,2.0,-2.0
2024-07-16,6,2024-07-22,9.0,6.0,,,,3.0,-3.0,3.0
2024-07-16,7,2024-07-23,8.0,7.0,,,,4.0,-4.0,4.0
2024-07-16,8,2024-07-24,7.0,8.0,,,,8.0,-8.0,8.0
2024-07-16,9,2024-07-25,6.0,9.0,,,,6.0,-6.0,6.0
2024-07-16,10,2024-07-26,5.0,10.0,,,,8.0,-8.0,8.0
2024-07-16,13,2024-07-29,2.0,13.0,,,,9.0,-9.0,9.0
2024-07-16,14,2024-07-30,1.0,14.0,,,,7.0,-7.0,7.0
2024-07-16,15,2024-07-31,0.0,15.0,,,,6.0,-6.0,6.0
2024-07-17,0,2024-07-17,14.0,0.0,-1.0,-1.0,-1.0,,,
2024-07-17,1,2024-07-18,13.0,1.0,,,,3.0,3.0,3.0
2024-07-17,2,2024-07-19,12.0,2.0,,,,4.0,4.0,4.0
2024-07-17,5,2024-07-22,9.0,5.0,,,,9.0,9.0,9.0
2024-07-17,6,2024-07-23,8.0,6.0,,,,10.0,10.0,10.0
2024-07-17,7,2024-07-24,7.0,7.0,,,,14.0,14.0,14.0
2024-07-17,8,2024-07-25,6.0,8.0,,,,12.0,12.0,12.0
2024-07-17,9,2024-07-26,5.0,9.0,,,,14.0,14.0,14.0
2024-07-17,12,2024-07-29,2.0,12.0,,,,15.0,15.0,15.0
2024-07-17,13,2024-07-30,1.0,13.0,,,,13.0,13.0,13.0
2024-07-17,14,2024-07-31,0.0,14.0,,,,12.0,12.0,12.0
2024-07-18,0,2024-07-18,13.0,0.0,-1.0,-1.0,-1.0,,,
2024-07-18,1,2024-07-19,12.0,1.0,,,,1.0,1.0,1.0
2024-07-18,4,2024-07-22,9.0,4.0,,,,6.0,6.0,6.0
2024-07-18,5,2024-07-23,8.0,5.0,,,,7.0,7.0,7.0
2024-07-18,6,2024-07-24,7.0,6.0,,,,11.0,11.0,11.0
2024-07-18,7,2024-07-25,6.0,7.0,,,,9.0,9.0,9.0
2024-07-18,8,2024-07-26,5.0,8.0,,,,11.0,11.0,11.0
2024-07-18,11,2024-07-29,2.0,11.0,,,,12.0,12.0,12.0
2024-07-18,12,2024-07-30,1.0,12.0,,,,10.0,10.0,10.0
2024-07-18,13,2024-07-31,0.0,13.0,,,,9.0,9.0,9.0
2024-07-19,0,2024-07-19,12.0,0.0,-1.0,-1.0,-1.0,,,
2024-07-19,3,2024-07-22,9.0,3.0,,,,5.0,5.0,5.0
2024-07-19,4,2024-07-23,8.0,4.0,,,,6.0,6.0,6.0
2024-07-19,5,2024-07-24,7.0,5.0,,,,10.0,10.0,10.0
2024-07-19,6,2024-07-25,6.0,6.0,,,,8.0,8.0,8.0
2024-07-19,7,2024-07-26,5.0,7.0,,,,10.0,10.0,10.0
2024-07-19,10,2024-07-29,2.0,10.0,,,,11.0,11.0,11.0
2024-07-19,11,2024-07-30,1.0,11.0,,,,9.0,9.0,9.0
2024-07-19,12,2024-07-31,0.0,12.0,,,,8.0,8.0,8.0
2024-07-22,0,2024-07-22,9.0,0.0,-1.0,-1.0,-1.0,,,
2024-07-22,1,2024-07-23,8.0,1.0,,,,1.0,1.0,1.0
2024-07-22,2,2024-07-24,7.0,2.0,,,,5.0,5.0,5.0
2024-07-22,3,2024-07-25,6.0,3.0,,,,3.0,3.0,3.0
2024-07-22,4,2024-07-26,5.0,4.0,,,,5.0,5.0,5.0
2024-07-22,7,2024-07-29,2.0,7.0,,,,6.0,6.0,6.0
2024-07-22,8,2024-07-30,1.0,8.0,,,,4.0,4.0,4.0
2024-07-22,9,2024-07-31,0.0,9.0,,,,3.0,3.0,3.0
2024-07-23,0,2024-07-23,8.0,0.0,-1.0,-1.0,-1.0,,,
2024-07-23,1,2024-07-24,7.0,1.0,,,,4.0,4.0,4.0
2024-07-23,2,2024-07-25,6.0,2.0,,,,2.0,2.0,2.0
2024-07-23,3,2024-07-26,5.0,3.0,,,,4.0,4.0,4.0
2024-07-23,6,2024-07-29,2.0,6.0,,,,5.0,5.0,5.0
2024-07-23,7,2024-07-30,1.0,7.0,,,,3.0,3.0,3.0
2024-07-23,8,2024-07-31,0.0,8.0,,,,2.0,2.0,2.0
2024-07-24,0,2024-07-24,7.0,0.0,-1.0,-1.0,1.0,,,
2024-07-24,1,2024-07-25,6.0,1.0,,,,-2.0,-2.0,2.0
2024-07-24,2,2024-07-26,5.0,2.0,,,,-0.0,-0.0,0.0
2024-07-24,5,2024-07-29,2.0,5.0,,,,1.0,1.0,-1.0
2024-07-24,6,2024-07-30,1.0,6.0,,,,-1.0,-1.0,1.0
2024-07-24,7,2024-07-31,0.0,7.0,,,,-2.0,-2.0,2.0
2024-07-25,0,2024-07-25,6.0,0.0,-1.0,-1.0,0.0,,,
2024-07-25,1,2024-07-26,5.0,1.0,,,,2.0,2.0,0.0
2024-07-25,4,2024-07-29,2.0,4.0,,,,3.0,3.0,0.0
2024-07-25,5,2024-07-30,1.0,5.0,,,,1.0,1.0,0.0
2024-07-25,6,2024-07-31,0.0,6.0,,,,-0.0,-0.0,0.0
2024-07-26,0,2024-07-26,5.0,0.0,-1.0,-1.0,1.0,,,
2024-07-26,3,2024-07-29,2.0,3.0,,,,1.0,1.0,-1.0
2024-07-26,4,2024-07-30,1.0,4.0,,,,-1.0,-1.0,1.0
2024-07-26,5,2024-07-31,0.0,5.0,,,,-2.0,-2.0,2.0
2024-07-29,0,2024-07-29,2.0,0.0,-1.0,-1.0,1.0,,,
2024-07-29,1,2024-07-30,1.0,1.0,,,,-2.0,-2.0,2.0
2024-07-29,2,2024-07-31,0.0,2.0,,,,-3.0,-3.0,3.0
2024-07-30,0,2024-07-30,1.0,0.0,-1.0,-1.0,1.0,,,
2024-07-30,1,2024-07-31,0.0,1.0,,,,-1.0,-1.0,1.0
2024-07-31,0,2024-07-31,0.0,0.0,-1.0,-1.0,0.0,,,
2024-08-01,0,2024-08-01,30.0,0.0,1.0,1.0,1.0,,,
2024-08-01,1,2024-08-02,29.0,1.0,,,,9.0,9.0,9.0
2024-08-01,4,2024-08-05,26.0,4.0,,,,6.0,6.0,6.0
2024-08-01,5,2024-08-06,25.0,5.0,,,,8.0,8.0,8.0
2024-08-01,6,2024-08-07,24.0,6.0,,,,13.0,13.0,13.0
2024-08-01,7,2024-08-08,23.0,7.0,,,,5.0,5.0,5.0
2024-08-01,8,2024-08-09,22.0,8.0,,,,5.0,5.0,5.0
2024-08-02,0,2024-08-02,29.0,0.0,-1.0,1.0,0.0,,,
2024-08-02,3,2024-08-05,26.0,3.0,,,,3.0,-3.0,0.0
2024-08-02,4,2024-08-06,25.0,4.0,,,,1.0,-1.0,0.0
2024-08-02,5,2024-08-07,24.0,5.0,,,,-4.0,4.0,0.0
2024-08-02,6,2024-08-08,23.0,6.0,,,,4.0,-4.0,0.0
2024-08-02,7,2024-08-09,22.0,7.0,,,,4.0,-4.0,0.0
2024-08-05,0,2024-08-05,26.0,0.0,-1.0,1.0,1.0,,,
2024-08-05,1,2024-08-06,25.0,1.0,,,,-2.0,2.0,2.0
2024-08-05,2,2024-08-07,24.0,2.0,,,,-7.0,7.0,7.0
2024-08-05,3,2024-08-08,23.0,3.0,,,,1.0,-1.0,-1.0
2024-08-05,4,2024-08-09,22.0,4.0,,,,1.0,-1.0,-1.0
2024-08-06,0,2024-08-06,25.0,0.0,-1.0,1.0,1.0,,,
2024-08-06,1,2024-08-07,24.0,1.0,,,,-5.0,5.0,5.0
2024-08-06,2,2024-08-08,23.0,2.0,,,,3.0,-3.0,-3.0
2024-08-06,3,2024-08-09,22.0,3.0,,,,3.0,-3.0,-3.0
2024-08-07,0,2024-08-07,24.0,0.0,-1.0,1.0,-1.0,,,
2024-08-07,1,2024-08-08,23.0,1.0,,,,8.0,-8.0,8.0
2024-08-07,2,2024-08-09,22.0,2.0,,,,8.0,-8.0,8.0
2024-08-08,0,2024-08-08,23.0,0.0,-1.0,1.0,1.0,,,
2024-08-08,1,2024-08-09,22.0,1.0,,,,-0.0,0.0,0.0
2024-08-09,0,2024-08-09,22.0,0.0,-1.0,1.0,1.0,,,
2024-09-04,0,2024-09-04,26.0,0.0,-1.0,-1.0,1.0,,,
2024-09-04,1,2024-09-05,25.0,1.0,,,,-28.0,-28.0,28.0
2024-09-04,2,2024-09-06,24.0,2.0,,,,-32.0,-32.0,32.0
2024-09-04,5,2024-09-09,21.0,5.0,,,,-25.0,-25.0,25.0
2024-09-04,6,2024-09-10,20.0,6.0,,,,-33.0,-33.0,33.0
2024-09-04,7,2024-09-11,19.0,7.0,,,,-27.0,-27.0,27.0
2024-09-04,8,2024-09-12,18.0,8.0,,,,-50.0,-50.0,50.0
2024-09-04,9,2024-09-13,17.0,9.0,,,,-57.0,-57.0,57.0
2024-09-04,12,2024-09-16,14.0,12.0,,,,-57.0,-57.0,57.0
2024-09-04,13,2024-09-17,13.0,13.0,,,,-44.0,-44.0,44.0
2024-09-04,14,2024-09-18,12.0,14.0,,,,-47.0,-47.0,47.0
2024-09-04,15,2024-09-19,11.0,15.0,,,,-42.0,-42.0,42.0
2024-09-04,16,2024-09-20,10.0,16.0,,,,-38.0,-38.0,38.0
2024-09-04,19,2024-09-23,7.0,19.0,,,,-46.0,-46.0,46.0
2024-09-04,20,2024-09-24,6.0,20.0,,,,-44.0,-44.0,44.0
2024-09-04,21,2024-09-25,5.0,21.0,,,,-44.0,-44.0,44.0
2024-09-04,22,2024-09-26,4.0,22.0,,,,-42.0,-42.0,42.0
2024-09-04,23,2024-09-27,3.0,23.0,,,,-43.0,-43.0,43.0
2024-09-04,26,2024-09-30,0.0,26.0,,,,-46.0,-46.0,46.0
2024-09-05,0,2024-09-05,25.0,0.0,-1.0,-1.0,1.0,,,
2024-09-05,1,2024-09-06,24.0,1.0,,,,-4.0,-4.0,4.0
2024-09-05,4,2024-09-09,21.0,4.0,,,,3.0,3.0,-3.0
2024-09-05,5,2024-09-10,20.0,5.0,,,,-5.0,-5.0,5.0
2024-09-05,6,2024-09-11,19.0,6.0,,,,1.0,1.0,-1.0
2024-09-05,7,2024-09-12,18.0,7.0,,,,-22.0,-22.0,22.0
2024-09-05,8,2024-09-13,17.0,8.0,,,,-29.0,-29.0,29.0
2024-09-05,11,2024-09-16,14.0,11.0,,,,-29.0,-29.0,29.0
2024-09-05,12,2024-09-17,13.0,12.0,,,,-16.0,-16.0,16.0
2024-09-05,13,2024-09-18,12.0,13.0,,,,-19.0,-19.0,19.0
2024-09-05,14,2024-09-19,11.0,14.0,,,,-14.0,-14.0,14.0
2024-09-05,15,2024-09-20,10.0,15.0,,,,-10.0,-10.0,10.0
2024-09-05,18,2024-09-23,7.0,18.0,,,,-18.0,-18.0,18.0
2024-09-05,19,2024-09-24,6.0,19.0,,,,-16.0,-16.0,16.0
2024-09-05,20,2024-09-25,5.0,20.0,,,,-16.0,-16.0,16.0
2024-09-05,21,2024-09-26,4.0,21.0,,,,-14.0,-14.0,14.0
2024-09-05,22,2024-09-27,3.0,22.0,,,,-15.0,-15.0,15.0
2024-09-05,25,2024-09-30,0.0,25.0,,,,-18.0,-18.0,18.0
2024-09-06,0,2024-09-06,24.0,0.0,-1.0,-1.0,1.0,,,
2024-09-06,3,2024-09-09,21.0,3.0,,,,7.0,7.0,-7.0
2024-09-06,4,2024-09-10,20.0,4.0,,,,-1.0,-1.0,1.0
2024-09-06,5,2024-09-11,19.0,5.0,,,,5.0,5.0,-5.0
2024-09-06,6,2024-09-12,18.0,6.0,,,,-18.0,-18.0,18.0
2024-09-06,7,2024-09-13,17.0,7.0,,,,-25.0,-25.0,25.0
2024-09-06,10,2024-09-16,14.0,10.0,,,,-25.0,-25.0,25.0
2024-09-06,11,2024-09-17,13.0,11.0,,,,-12.0,-12.0,12.0
2024-09-06,12,2024-09-18,12.0,12.0,,,,-15.0,-15.0,15.0
2024-09-06,13,2024-09-19,11.0,13.0,,,,-10.0,-10.0,10.0
2024-09-06,14,2024-09-20,10.0,14.0,,,,-6.0,-6.0,6.0
2024-09-06,17,2024-09-23,7.0,17.0,,,,-14.0,-14.0,14.0
2024-09-06,18,2024-09-24,6.0,18.0,,,,-12.0,-12.0,12.0
2024-09-06,19,2024-09-25,5.0,19.0,,,,-12.0,-12.0,12.0
2024-09-06,20,2024-09-26,4.0,20.0,,,,-10.0,-10.0,10.0
2024-09-06,21,2024-09-27,3.0,21.0,,,,-11.0,-11.0,11.0
2024-09-06,24,2024-09-30,0.0,24.0,,,,-14.0,-14.0,14.0
2024-09-09,0,2024-09-09,21.0,0.0,-1.0,-1.0,1.0,,,
2024-09-09,1,2024-09-10,20.0,1.0,,,,-8.0,-8.0,8.0
2024-09-09,2,2024-09-11,19.0,2.0,,,,-2.0,-2.0,2.0
2024-09-09,3,2024-09-12,18.0,3.0,,,,-25.0,-25.0,25.0
2024-09-09,4,2024-09-13,17.0,4.0,,,,-32.0,-32.0,32.0
2024-09-09,7,2024-09-16,14.0,7.0,,,,-32.0,-32.0,32.0
2024-09-09,8,2024-09-17,13.0,8.0,,,,-19.0,-19.0,19.0
2024-09-09,9,2024-09-18,12.0,9.0,,,,-22.0,-22.0,22.0
2024-09-09,10,2024-09-19,11.0,10.0,,,,-17.0,-17.0,17.0
2024-09-09,11,2024-09-20,10.0,11.0,,,,-13.0,-13.0,13.0
2024-09-09,14,2024-09-23,7.0,14.0,,,,-21.0,-21.0,21.0
2024-09-09,15,2024-09-24,6.0,15.0,,,,-19.0,-19.0,19.0
2024-09-09,16,2024-09-25,5.0,16.0,,,,-19.0,-19.0,19.0
2024-09-09,17,2024-09-26,4.0,17.0,,,,-17.0,-17.0,17.0
2024-09-09,18,2024-09-27,3.0,18.0,,,,-18.0,-18.0,18.0
2024-09-09,21,2024-09-30,0.0,21.0,,,,-21.0,-21.0,21.0
2024-09-10,0,2024-09-10,20.0,0.0,-1.0,-1.0,1.0,,,
2024-09-10,1,2024-09-11,19.0,1.0,,,,6.0,6.0,-6.0
2024-09-10,2,2024-09-12,18.0,2.0,,,,-17.0,-17.0,17.0
2024-09-10,3,2024-09-13,17.0,3.0,,,,-24.0,-24.0,24.0
2024-09-10,6,2024-09-16,14.0,6.0,,,,-24.0,-24.0,24.0
2024-09-10,7,2024-09-17,13.0,7.0,,,,-11.0,-11.0,11.0
2024-09-10,8,2024-09-18,12.0,8.0,,,,-14.0,-14.0,14.0
2024-09-10,9,2024-09-19,11.0,9.0,,,,-9.0,-9.0,9.0
2024-09-10,10,2024-09-20,10.0,10.0,,,,-5.0,-5.0,5.0
2024-09-10,13,2024-09-23,7.0,13.0,,,,-13.0,-13.0,13.0
2024-09-10,14,2024-09-24,6.0,14.0,,,,-11.0,-11.0,11.0
2024-09-10,15,2024-09-25,5.0,15.0,,,,-11.0,-11.0,11.0
2024-09-10,16,2024-09-26,4.0,16.0,,,,-9.0,-9.0,9.0
2024-09-10,17,2024-09-27,3.0,17.0,,,,-10.0,-10.0,10.0
2024-09-10,20,2024-09-30,0.0,20.0,,,,-13.0,-13.0,13.0
2024-09-11,0,2024-09-11,19.0,0.0,-1.0,-1.0,1.0,,,
2024-09-11,1,2024-09-12,18.0,1.0,,,,-23.0,-23.0,23.0
2024-09-11,2,2024-09-13,17.0,2.0,,,,-30.0,-30.0,30.0
2024-09-11,5,2024-09-16,14.0,5.0,,,,-30.0,-30.0,30.0
2024-09-11,6,2024-09-17,13.0,6.0,,,,-17.0,-17.0,17.0
2024-09-11,7,2024-09-18,12.0,7.0,,,,-20.0,-20.0,20.0
2024-09-11,8,2024-09-19,11.0,8.0,,,,-15.0,-15.0,15.0
2024-09-11,9,2024-09-20,10.0,9.0,,,,-11.0,-11.0,11.0
2024-09-11,12,2024-09-23,7.0,12.0,,,,-19.0,-19.0,19.0
2024-09-11,13,2024-09-24,6.0,13.0,,,,-17.0,-17.0,17.0
2024-09-11,14,2024-09-25,5.0,14.0,,,,-17.0,-17.0,17.0
2024-09-11,15,2024-09-26,4.0,15.0,,,,-15.0,-15.0,15.0
2024-09-11,16,2024-09-27,3.0,16.0,,,,-16.0,-16.0,16.0
2024-09-11,19,2024-09-30,0.0,19.0,,,,-19.0,-19.0,19.0
2024-09-12,0,2024-09-12,18.0,0.0,-1.0,-1.0,-1.0,,,
2024-09-12,1,2024-09-13,17.0,1.0,,,,-7.0,-7.0,-7.0
2024-09-12,4,2024-09-16,14.0,4.0,,,,-7.0,-7.0,-7.0
2024-09-12,5,2024-09-17,13.0,5.0,,,,6.0,6.0,6.0
2024-09-12,6,2024-09-18,12.0,6.0,,,,3.0,3.0,3.0
2024-09-12,7,2024-09-19,11.0,7.0,,,,8.0,8.0,8.0
2024-09-12,8,2024-09-20,10.0,8.0,,,,12.0,12.0,12.0
2024-09-12,11,2024-09-23,7.0,11.0,,,,4.0,4.0,4.0
2024-09-12,12,2024-09-24,6.0,12.0,,,,6.0,6.0,6.0
2024-09-12,13,2024-09-25,5.0,13.0,,,,6.0,6.0,6.0
2024-09-12,14,2024-09-26,4.0,14.0,,,,8.0,8.0,8.0
2024-09-12,15,2024-09-27,3.0,15.0,,,,7.0,7.0,7.0
2024-09-12,18,2024-09-30,0.0,18.0,,,,4.0,4.0,4.0
2024-09-13,0,2024-09-13,17.0,0.0,-1.0,-1.0,-1.0,,,
2024-09-13,3,2024-09-16,14.0,3.0,,,,-0.0,-0.0,0.0
2024-09-13,4,2024-09-17,13.0,4.0,,,,13.0,13.0,13.0
2024-09-13,5,2024-09-18,12.0,5.0,,,,10.0,10.0,10.0
2024-09-13,6,2024-09-19,11.0,6.0,,,,15.0,15.0,15.0
2024-09-13,7,2024-09-20,10.0,7.0,,,,19.0,19.0,19.0
2024-09-13,10,2024-09-23,7.0,10.0,,,,11.0,11.0,11.0
2024-09-13,11,2024-09-24,6.0,11.0,,,,13.0,13.0,13.0
2024-09-13,12,2024-09-25,5.0,12.0,,,,13.0,13.0,13.0
2024-09-13,13,2024-09-26,4.0,13.0,,,,15.0,15.0,15.0
2024-09-13,14,2024-09-27,3.0,14.0,,,,14.0,14.0,14.0
2024-09-13,17,2024-09-30,0.0,17.0,,,,11.0,11.0,11.0
2024-09-16,0,2024-09-16,14.0,0.0,-1.0,-1.0,-1.0,,,
2024-09-16,1,2024-09-17,13.0,1.0,,,,13.0,13.0,13.0
2024-09-16,2,2024-09-18,12.0,2.0,,,,10.0,10.0,10.0
2024-09-16,3,2024-09-19,11.0,3.0,,,,15.0,15.0,15.0
2024-09-16,4,2024-09-20,10.0,4.0,,,,19.0,19.0,19.0
2024-09-16,7,2024-09-23,7.0,7.0,,,,11.0,11.0,11.0
2024-09-16,8,2024-09-24,6.0,8.0,,,,13.0,13.0,13.0
2024-09-16,9,2024-09-25,5.0,9.0,,,,13.0,13.0,13.0
2024-09-16,10,2024-09-26,4.0,10.0,,,,15.0,15.0,15.0
2024-09-16,11,2024-09-27,3.0,11.0,,,,14.0,14.0,14.0
2024-09-16,14,2024-09-30,0.0,14.0,,,,11.0,11.0,11.0
2024-09-17,0,2024-09-17,13.0,0.0,-1.0,-1.0,1.0,,,
2024-09-17,1,2024-09-18,12.0,1.0,,,,-3.0,-3.0,3.0
2024-09-17,2,2024-09-19,11.0,2.0,,,,2.0,2.0,-2.0
2024-09-17,3,2024-09-20,10.0,3.0,,,,6.0,6.0,-6.0
2024-09-17,6,2024-09-23,7.0,6.0,,,,-2.0,-2.0,2.0
2024-09-17,7,2024-09-24,6.0,7.0,,,,-0.0,-0.0,0.0
2024-09-17,8,2024-09-25,5.0,8.0,,,,-0.0,-0.0,0.0
2024-09-17,9,2024-09-26,4.0,9.0,,,,2.0,2.0,-2.0
2024-09-17,10,2024-09-27,3.0,10.0,,,,1.0,1.0,-1.0
2024-09-17,13,2024-09-30,0.0,13.0,,,,-2.0,-2.0,2.0
2024-09-18,0,2024-09-18,12.0,0.0,-1.0,-1.0,-1.0,,,
2024-09-18,1,2024-09-19,11.0,1.0,,,,5.0,5.0,5.0
2024-09-18,2,2024-09-20,10.0,2.0,,,,9.0,9.0,9.0
2024-09-18,5,2024-09-23,7.0,5.0,,,,1.0,1.0,1.0
2024-09-18,6,2024-09-24,6.0,6.0,,,,3.0,3.0,3.0
2024-09-18,7,2024-09-25,5.0,7.0,,,,3.0,3.0,3.0
2024-09-18,8,2024-09-26,4.0,8.0,,,,5.0,5.0,5.0
2024-09-18,9,2024-09-27,3.0,9.0,,,,4.0,4.0,4.0
2024-09-18,12,2024-09-30,0.0,12.0,,,,1.0,1.0,1.0
2024-09-19,0,2024-09-19,11.0,0.0,-1.0,-1.0,1.0,,,
2024-09-19,1,2024-09-20,10.0,1.0,,,,4.0,4.0,-4.0
2024-09-19,4,2024-09-23,7.0,4.0,,,,-4.0,-4.0,4.0
2024-09-19,5,2024-09-24,6.0,5.0,,,,-2.0,-2.0,2.0
2024-09-19,6,2024-09-25,5.0,6.0,,,,-2.0,-2.0,2.0
2024-09-19,7,2024-09-26,4.0,7.0,,,,-0.0,-0.0,0.0
2024-09-19,8,2024-09-27,3.0,8.0,,,,-1.0,-1.0,1.0
2024-09-19,11,2024-09-30,0.0,11.0,,,,-4.0,-4.0,4.0
2024-09-20,0,2024-09-20,10.0,0.0,-1.0,-1.0,1.0,,,
2024-09-20,3,2024-09-23,7.0,3.0,,,,-8.0,-8.0,8.0
2024-09-20,4,2024-09-24,6.0,4.0,,,,-6.0,-6.0,6.0
2024-09-20,5,2024-09-25,5.0,5.0,,,,-6.0,-6.0,6.0
2024-09-20,6,2024-09-26,4.0,6.0,,,,-4.0,-4.0,4.0
2024-09-20,7,2024-09-27,3.0,7.0,,,,-5.0,-5.0,5.0
2024-09-20,10,2024-09-30,0.0,10.0,,,,-8.0,-8.0,8.0
2024-09-23,0,2024-09-23,7.0,0.0,-1.0,-1.0,0.0,,,
2024-09-23,1,2024-09-24,6.0,1.0,,,,2.0,2.0,0.0
2024-09-23,2,2024-09-25,5.0,2.0,,,,2.0,2.0,0.0
2024-09-23,3,2024-09-26,4.0,3.0,,,,4.0,4.0,0.0
2024-09-23,4,2024-09-27,3.0,4.0,,,,3.0,3.0,0.0
2024-09-23,7,2024-09-30,0.0,7.0,,,,-0.0,-0.0,0.0
2024-09-24,0,2024-09-24,6.0,0.0,-1.0,-1.0,1.0,,,
2024-09-24,1,2024-09-25,5.0,1.0,,,,-0.0,-0.0,0.0
2024-09-24,2,2024-09-26,4.0,2.0,,,,2.0,2.0,-2.0
2024-09-24,3,2024-09-27,3.0,3.0,,,,1.0,1.0,-1.0
2024-09-24,6,2024-09-30,0.0,6.0,,,,-2.0,-2.0,2.0
2024-09-25,0,2024-09-25,5.0,0.0,-1.0,-1.0,1.0,,,
2024-09-25,1,2024-09-26,4.0,1.0,,,,2.0,2.0,-2.0
2024-09-25,2,2024-09-27,3.0,2.0,,,,1.0,1.0,-1.0
2024-09-25,5,2024-09-30,0.0,5.0,,,,-2.0,-2.0,2.0
2024-09-26,0,2024-09-26,4.0,0.0,-1.0,-1.0,1.0,,,
2024-09-26,1,2024-09-27,3.0,1.0,,,,-1.0,-1.0,1.0
2024-09-26,4,2024-09-30,0.0,4.0,,,,-4.0,-4.0,4.0
2024-09-27,0,2024-09-27,3.0,0.0,-1.0,-1.0,1.0,,,
2024-09-27,3,2024-09-30,0.0,3.0,,,,-3.0,-3.0,3.0
2024-09-30,0,2024-09-30,0.0,0.0,-1.0,-1.0,0.0,,,
2024-10-01,0,2024-10-01,30.0,0.0,1.0,1.0,-1.0,,,
2024-10-01,1,2024-10-02,29.0,1.0,,,,1.0,1.0,-1.0
2024-10-01,2,2024-10-03,28.0,2.0,,,,-9.0,-9.0,9.0
2024-10-01,3,2024-10-04,27.0,3.0,,,,-18.0,-18.0,18.0
2024-10-01,6,2024-10-07,24.0,6.0,,,,-46.0,-46.0,46.0
2024-10-01,7,2024-10-08,23.0,7.0,,,,-27.0,-27.0,27.0
2024-10-01,8,2024-10-09,22.0,8.0,,,,-37.0,-37.0,37.0
2024-10-01,9,2024-10-10,21.0,9.0,,,,-46.0,-46.0,46.0
2024-10-01,10,2024-10-11,20.0,10.0,,,,-46.0,-46.0,46.0
2024-10-01,13,2024-10-14,17.0,13.0,,,,-61.0,-61.0,61.0
2024-10-01,14,2024-10-15,16.0,14.0,,,,-59.0,-59.0,59.0
2024-10-01,15,2024-10-16,15.0,15.0,,,,-66.0,-66.0,66.0
2024-10-01,16,2024-10-17,14.0,16.0,,,,-81.0,-81.0,81.0
2024-10-01,17,2024-10-18,13.0,17.0,,,,-92.0,-92.0,92.0
2024-10-01,20,2024-10-21,10.0,20.0,,,,-92.0,-92.0,92.0
2024-10-01,21,2024-10-22,9.0,21.0,,,,-92.0,-92.0,92.0
2024-10-01,22,2024-10-23,8.0,22.0,,,,-98.0,-98.0,98.0
2024-10-01,23,2024-10-24,7.0,23.0,,,,-96.0,-96.0,96.0
2024-10-01,24,2024-10-25,6.0,24.0,,,,-96.0,-96.0,96.0
2024-10-01,27,2024-10-28,3.0,27.0,,,,-96.0,-96.0,96.0
2024-10-01,28,2024-10-29,2.0,28.0,,,,-95.0,-95.0,95.0
2024-10-01,29,2024-10-30,1.0,29.0,,,,-94.0,-94.0,94.0
2024-10-01,30,2024-10-31,0.0,30.0,,,,-94.0,-94.0,94.0
2024-10-02,0,2024-10-02,29.0,0.0,1.0,1.0,-1.0,,,
2024-10-02,1,2024-10-03,28.0,1.0,,,,-10.0,-10.0,10.0
2024-10-02,2,2024-10-04,27.0,2.0,,,,-19.0,-19.0,19.0
2024-10-02,5,2024-10-07,24.0,5.0,,,,-47.0,-47.0,47.0
2024-10-02,6,2024-10-08,23.0,6.0,,,,-28.0,-28.0,28.0
2024-10-02,7,2024-10-09,22.0,7.0,,,,-38.0,-38.0,38.0
2024-10-02,8,2024-10-10,21.0,8.0,,,,-47.0,-47.0,47.0
2024-10-02,9,2024-10-11,20.0,9.0,,,,-47.0,-47.0,47.0
2024-10-02,12,2024-10-14,17.0,12.0,,,,-62.0,-62.0,62.0
2024-10-02,13,2024-10-15,16.0,13.0,,,,-60.0,-60.0,60.0
2024-10-02,14,2024-10-16,15.0,14.0,,,,-67.0,-67.0,67.0
2024-10-02,15,2024-10-17,14.0,15.0,,,,-82.0,-82.0,82.0
2024-10-02,16,2024-10-18,13.0,16.0,,,,-93.0,-93.0,93.0
2024-10-02,19,2024-10-21,10.0,19.0,,,,-93.0,-93.0,93.0
2024-10-02,20,2024-10-22,9.0,20.0,,,,-93.0,-93.0,93.0
2024-10-02,21,2024-10-23,8.0,21.0,,,,-99.0,-99.0,99.0
2024-10-02,22,2024-10-24,7.0,22.0,,,,-97.0,-97.0,97.0
2024-10-02,23,2024-10-25,6.0,23.0,,,,-97.0,-97.0,97.0
2024-10-02,26,2024-10-28,3.0,26.0,,,,-97.0,-97.0,97.0
2024-10-02,27,2024-10-29,2.0,27.0,,,,-96.0,-96.0,96.0
2024-10-02,28,2024-10-30,1.0,28.0,,,,-95.0,-95.0,95.0
2024-10-02,29,2024-10-31,0.0,29.0,,,,-95.0,-95.0,95.0
2024-10-03,0,2024-10-03,28.0,0.0,1.0,1.0,-1.0,,,
2024-10-03,1,2024-10-04,27.0,1.0,,,,-9.0,-9.0,9.0
2024-10-03,4,2024-10-07,24.0,4.0,,,,-37.0,-37.0,37.0
2024-10-03,5,2024-10-08,23.0,5.0,,,,-18.0,-18.0,18.0
2024-10-03,6,2024-10-09,22.0,6.0,,,,-28.0,-28.0,28.0
2024-10-03,7,2024-10-10,21.0,7.0,,,,-37.0,-37.0,37.0
2024-10-03,8,2024-10-11,20.0,8.0,,,,-37.0,-37.0,37.0
2024-10-03,11,2024-10-14,17.0,11.0,,,,-52.0,-52.0,52.0
2024-10-03,12,2024-10-15,16.0,12.0,,,,-50.0,-50.0,50.0
2024-10-03,13,2024-10-16,15.0,13.0,,,,-57.0,-57.0,57.0
2024-10-03,14,2024-10-17,14.0,14.0,,,,-72.0,-72.0,72.0
2024-10-03,15,2024-10-18,13.0,15.0,,,,-83.0,-83.0,83.0
2024-10-03,18,2024-10-21,10.0,18.0,,,,-83.0,-83.0,83.0
2024-10-03,19,2024-10-22,9.0,19.0,,,,-83.0,-83.0,83.0
2024-10-03,20,2024-10-23,8.0,20.0,,,,-89.0,-89.0,89.0
2024-10-03,21,2024-10-24,7.0,21.0,,,,-87.0,-87.0,87.0
2024-10-03,22,2024-10-25,6.0,22.0,,,,-87.0,-87.0,87.0
2024-10-03,25,2024-10-28,3.0,25.0,,,,-87.0,-87.0,87.0
2024-10-03,26,2024-10-29,2.0,26.0,,,,-86.0,-86.0,86.0
2024-10-03,27,2024-10-30,1.0,27.0,,,,-85.0,-85.0,85.0
2024-10-03,28,2024-10-31,0.0,28.0,,,,-85.0,-85.0,85.0
2024-10-04,0,2024-10-04,27.0,0.0,1.0,1.0,-1.0,,,
2024-10-04,3,2024-10-07,24.0,3.0,,,,-28.0,-28.0,28.0
2024-10-04,4,2024-10-08,23.0,4.0,,,,-9.0,-9.0,9.0
2024-10-04,5,2024-10-09,22.0,5.0,,,,-19.0,-19.0,19.0
2024-10-04,6,2024-10-10,21.0,6.0,,,,-28.0,-28.0,28.0
2024-10-04,7,2024-10-11,20.0,7.0,,,,-28.0,-28.0,28.0
2024-10-04,10,2024-10-14,17.0,10.0,,,,-43.0,-43.0,43.0
2024-10-04,11,2024-10-15,16.0,11.0,,,,-41.0,-41.0,41.0
2024-10-04,12,2024-10-16,15.0,12.0,,,,-48.0,-48.0,48.0
2024-10-04,13,2024-10-17,14.0,13.0,,,,-63.0,-63.0,63.0
2024-10-04,14,2024-10-18,13.0,14.0,,,,-74.0,-74.0,74.0
2024-10-04,17,2024-10-21,10.0,17.0,,,,-74.0,-74.0,74.0
2024-10-04,18,2024-10-22,9.0,18.0,,,,-74.0,-74.0,74.0
2024-10-04,19,2024-10-23,8.0,19.0,,,,-80.0,-80.0,80.0
2024-10-04,20,2024-10-24,7.0,20.0,,,,-78.0,-78.0,78.0
2024-10-04,21,2024-10-25,6.0,21.0,,,,-78.0,-78.0,78.0
2024-10-04,24,2024-10-28,3.0,24.0,,,,-78.0,-78.0,78.0
2024-10-04,25,2024-10-29,2.0,25.0,,,,-77.0,-77.0,77.0
2024-10-04,26,2024-10-30,1.0,26.0,,,,-76.0,-76.0,76.0
2024-10-04,27,2024-10-31,0.0,27.0,,,,-76.0,-76.0,76.0
2024-10-07,0,2024-10-07,24.0,0.0,1.0,1.0,-1.0,,,
2024-10-07,1,2024-10-08,23.0,1.0,,,,19.0,19.0,-19.0
2024-10-07,2,2024-10-09,22.0,2.0,,,,9.0,9.0,-9.0
2024-10-07,3,2024-10-10,21.0,3.0,,,,0.0,0.0,0.0
2024-10-07,4,2024-10-11,20.0,4.0,,,,0.0,0.0,0.0
2024-10-07,7,2024-10-14,17.0,7.0,,,,-15.0,-15.0,15.0
2024-10-07,8,2024-10-15,16.0,8.0,,,,-13.0,-13.0,13.0
2024-10-07,9,2024-10-16,15.0,9.0,,,,-20.0,-20.0,20.0
2024-10-07,10,2024-10-17,14.0,10.0,,,,-35.0,-35.0,35.0
2024-10-07,11,2024-10-18,13.0,11.0,,,,-46.0,-46.0,46.0
2024-10-07,14,2024-10-21,10.0,14.0,,,,-46.0,-46.0,46.0
2024-10-07,15,2024-10-22,9.0,15.0,,,,-46.0,-46.0,46.0
2024-10-07,16,2024-10-23,8.0,16.0,,,,-52.0,-52.0,52.0
2024-10-07,17,2024-10-24,7.0,17.0,,,,-50.0,-50.0,50.0
2024-10-07,18,2024-10-25,6.0,18.0,,,,-50.0,-50.0,50.0
2024-10-07,21,2024-10-28,3.0,21.0,,,,-50.0,-50.0,50.0
2024-10-07,22,2024-10-29,2.0,22.0,,,,-49.0,-49.0,49.0
2024-10-07,23,2024-10-30,1.0,23.0,,,,-48.0,-48.0,48.0
2024-10-07,24,2024-10-31,0.0,24.0,,,,-48.0,-48.0,48.0
2024-10-08,0,2024-10-08,23.0,0.0,1.0,1.0,-1.0,,,
2024-10-08,1,2024-10-09,22.0,1.0,,,,-10.0,-10.0,10.0
2024-10-08,2,2024-10-10,21.0,2.0,,,,-19.0,-19.0,19.0
2024-10-08,3,2024-10-11,20.0,3.0,,,,-19.0,-19.0,19.0
2024-10-08,6,2024-10-14,17.0,6.0,,,,-34.0,-34.0,34.0
2024-10-08,7,2024-10-15,16.0,7.0,,,,-32.0,-32.0,32.0
2024-10-08,8,2024-10-16,15.0,8.0,,,,-39.0,-39.0,39.0
2024-10-08,9,2024-10-17,14.0,9.0,,,,-54.0,-54.0,54.0
2024-10-08,10,2024-10-18,13.0,10.0,,,,-65.0,-65.0,65.0
2024-10-08,13,2024-10-21,10.0,13.0,,,,-65.0,-65.0,65.0
2024-10-08,14,2024-10-22,9.0,14.0,,,,-65.0,-65.0,65.0
2024-10-08,15,2024-10-23,8.0,15.0,,,,-71.0,-71.0,71.0
2024-10-08,16,2024-10-24,7.0,16.0,,,,-69.0,-69.0,69.0
2024-10-08,17,2024-10-25,6.0,17.0,,,,-69.0,-69.0,69.0
2024-10-08,20,2024-10-28,3.0,20.0,,,,-69.0,-69.0,69.0
2024-10-08,21,2024-10-29,2.0,21.0,,,,-68.0,-68.0,68.0
2024-10-08,22,2024-10-30,1.0,22.0,,,,-67.0,-67.0,67.0
2024-10-08,23,2024-10-31,0.0,23.0,,,,-67.0,-67.0,67.0
2024-10-09,0,2024-10-09,22.0,0.0,1.0,1.0,-1.0,,,
2024-10-09,1,2024-10-10,21.0,1.0,,,,-9.0,-9.0,9.0
2024-10-09,2,2024-10-11,20.0,2.0,,,,-9.0,-9.0,9.0
2024-10-09,5,2024-10-14,17.0,5.0,,,,-24.0,-24.0,24.0
2024-10-09,6,2024-10-15,16.0,6.0,,,,-22.0,-22.0,22.0
2024-10-09,7,2024-10-16,15.0,7.0,,,,-29.0,-29.0,29.0
2024-10-09,8,2024-10-17,14.0,8.0,,,,-44.0,-44.0,44.0
2024-10-09,9,2024-10-18,13.0,9.0,,,,-55.0,-55.0,55.0
2024-10-09,12,2024-10-21,10.0,12.0,,,,-55.0,-55.0,55.0
2024-10-09,13,2024-10-22,9.0,13.0,,,,-55.0,-55.0,55.0
2024-10-09,14,2024-10-23,8.0,14.0,,,,-61.0,-61.0,61.0
2024-10-09,15,2024-10-24,7.0,15.0,,,,-59.0,-59.0,59.0
2024-10-09,16,2024-10-25,6.0,16.0,,,,-59.0,-59.0,59.0
2024-10-09,19,2024-10-28,3.0,19.0,,,,-59.0,-59.0,59.0
2024-10-09,20,2024-10-29,2.0,20.0,,,,-58.0,-58.0,58.0
2024-10-09,21,2024-10-30,1.0,21.0,,,,-57.0,-57.0,57.0
2024-10-09,22,2024-10-31,0.0,22.0,,,,-57.0,-57.0,57.0
2024-10-10,0,2024-10-10,21.0,0.0,1.0,1.0,-1.0,,,
2024-10-10,1,2024-10-11,20.0,1.0,,,,0.0,0.0,0.0
2024-10-10,4,2024-10-14,17.0,4.0,,,,-15.0,-15.0,15.0
2024-10-10,5,2024-10-15,16.0,5.0,,,,-13.0,-13.0,13.0
2024-10-10,6,2024-10-16,15.0,6.0,,,,-20.0,-20.0,20.0
2024-10-10,7,2024-10-17,14.0,7.0,,,,-35.0,-35.0,35.0
2024-10-10,8,2024-10-18,13.0,8.0,,,,-46.0,-46.0,46.0
2024-10-10,11,2024-10-21,10.0,11.0,,,,-46.0,-46.0,46.0
2024-10-10,12,2024-10-22,9.0,12.0,,,,-46.0,-46.0,46.0
2024-10-10,13,2024-10-23,8.0,13.0,,,,-52.0,-52.0,52.0
2024-10-10,14,2024-10-24,7.0,14.0,,,,-50.0,-50.0,50.0
2024-10-10,15,2024-10-25,6.0,15.0,,,,-50.0,-50.0,50.0
2024-10-10,18,2024-10-28,3.0,18.0,,,,-50.0,-50.0,50.0
2024-10-10,19,2024-10-29,2.0,19.0,,,,-49.0,-49.0,49.0
2024-10-10,20,2024-10-30,1.0,20.0,,,,-48.0,-48.0,48.0
2024-10-10,21,2024-10-31,0.0,21.0,,,,-48.0,-48.0,48.0
2024-10-11,0,2024-10-11,20.0,0.0,1.0,1.0,-1.0,,,
2024-10-11,3,2024-10-14,17.0,3.0,,,,-15.0,-15.0,15.0
2024-10-11,4,2024-10-15,16.0,4.0,,,,-13.0,-13.0,13.0
2024-10-11,5,2024-10-16,15.0,5.0,,,,-20.0,-20.0,20.0
2024-10-11,6,2024-10-17,14.0,6.0,,,,-35.0,-35.0,35.0
2024-10-11,7,2024-10-18,13.0,7.0,,,,-46.0,-46.0,46.0
2024-10-11,10,2024-10-21,10.0,10.0,,,,-46.0,-46.0,46.0
2024-10-11,11,2024-10-22,9.0,11.0,,,,-46.0,-46.0,46.0
2024-10-11,12,2024-10-23,8.0,12.0,,,,-52.0,-52.0,52.0
2024-10-11,13,2024-10-24,7.0,13.0,,,,-50.0,-50.0,50.0
2024-10-11,14,2024-10-25,6.0,14.0,,,,-50.0,-50.0,50.0
2024-10-11,17,2024-10-28,3.0,17.0,,,,-50.0,-50.0,50.0
2024-10-11,18,2024-10-29,2.0,18.0,,,,-49.0,-49.0,49.0
2024-10-11,19,2024-10-30,1.0,19.0,,,,-48.0,-48.0,48.0
2024-10-11,20,2024-10-31,0.0,20.0,,,,-48.0,-48.0,48.0
2024-10-14,0,2024-10-14,17.0,0.0,1.0,1.0,-1.0,,,
2024-10-14,1,2024-10-15,16.0,1.0,,,,2.0,2.0,-2.0
2024-10-14,2,2024-10-16,15.0,2.0,,,,-5.0,-5.0,5.0
2024-10-14,3,2024-10-17,14.0,3.0,,,,-20.0,-20.0,20.0
2024-10-14,4,2024-10-18,13.0,4.0,,,,-31.0,-31.0,31.0
2024-10-14,7,2024-10-21,10.0,7.0,,,,-31.0,-31.0,31.0
2024-10-14,8,2024-10-22,9.0,8.0,,,,-31.0,-31.0,31.0
2024-10-14,9,2024-10-23,8.0,9.0,,,,-37.0,-37.0,37.0
2024-10-14,10,2024-10-24,7.0,10.0,,,,-35.0,-35.0,35.0
2024-10-14,11,2024-10-25,6.0,11.0,,,,-35.0,-35.0,35.0
2024-10-14,14,2024-10-28,3.0,14.0,,,,-35.0,-35.0,35.0
2024-10-14,15,2024-10-29,2.0,15.0,,,,-34.0,-34.0,34.0
2024-10-14,16,2024-10-30,1.0,16.0,,,,-33.0,-33.0,33.0
2024-10-14,17,2024-10-31,0.0,17.0,,,,-33.0,-33.0,33.0
2024-10-15,0,2024-10-15,16.0,0.0,1.0,1.0,-1.0,,,
2024-10-15,1,2024-10-16,15.0,1.0,,,,-7.0,-7.0,7.0
2024-10-15,2,2024-10-17,14.0,2.0,,,,-22.0,-22.0,22.0
2024-10-15,3,2024-10-18,13.0,3.0,,,,-33.0,-33.0,33.0
2024-10-15,6,2024-10-21,10.0,6.0,,,,-33.0,-33.0,33.0
2024-10-15,7,2024-10-22,9.0,7.0,,,,-33.0,-33.0,33.0
2024-10-15,8,2024-10-23,8.0,8.0,,,,-39.0,-39.0,39.0
2024-10-15,9,2024-10-24,7.0,9.0,,,,-37.0,-37.0,37.0
2024-10-15,10,2024-10-25,6.0,10.0,,,,-37.0,-37.0,37.0
2024-10-15,13,2024-10-28,3.0,13.0,,,,-37.0,-37.0,37.0
2024-10-15,14,2024-10-29,2.0,14.0,,,,-36.0,-36.0,36.0
2024-10-15,15,2024-10-30,1.0,15.0,,,,-35.0,-35.0,35.0
2024-10-15,16,2024-10-31,0.0,16.0,,,,-35.0,-35.0,35.0
2024-10-16,0,2024-10-16,15.0,0.0,1.0,1.0,-1.0,,,
2024-10-16,1,2024-10-17,14.0,1.0,,,,-15.0,-15.0,15.0
2024-10-16,2,2024-10-18,13.0,2.0,,,,-26.0,-26.0,26.0
2024-10-16,5,2024-10-21,10.0,5.0,,,,-26.0,-26.0,26.0
2024-10-16,6,2024-10-22,9.0,6.0,,,,-26.0,-26.0,26.0
2024-10-16,7,2024-10-23,8.0,7.0,,,,-32.0,-32.0,32.0
2024-10-16,8,2024-10-24,7.0,8.0,,,,-30.0,-30.0,30.0
2024-10-16,9,2024-10-25,6.0,9.0,,,,-30.0,-30.0,30.0
2024-10-16,12,2024-10-28,3.0,12.0,,,,-30.0,-30.0,30.0
2024-10-16,13,2024-10-29,2.0,13.0,,,,-29.0,-29.0,29.0
2024-10-16,14,2024-10-30,1.0,14.0,,,,-28.0,-28.0,28.0
2024-10-16,15,2024-10-31,0.0,15.0,,,,-28.0,-28.0,28.0
2024-10-17,0,2024-10-17,14.0,0.0,1.0,1.0,-1.0,,,
2024-10-17,1,2024-10-18,13.0,1.0,,,,-11.0,-11.0,11.0
2024-10-17,4,2024-10-21,10.0,4.0,,,,-11.0,-11.0,11.0
2024-10-17,5,2024-10-22,9.0,5.0,,,,-11.0,-11.0,11.0
2024-10-17,6,2024-10-23,8.0,6.0,,,,-17.0,-17.0,17.0
2024-10-17,7,2024-10-24,7.0,7.0,,,,-15.0,-15.0,15.0
2024-10-17,8,2024-10-25,6.0,8.0,,,,-15.0,-15.0,15.0
2024-10-17,11,2024-10-28,3.0,11.0,,,,-15.0,-15.0,15.0
2024-10-17,12,2024-10-29,2.0,12.0,,,,-14.0,-14.0,14.0
2024-10-17,13,2024-10-30,1.0,13.0,,,,-13.0,-13.0,13.0
2024-10-17,14,2024-10-31,0.0,14.0,,,,-13.0,-13.0,13.0
2024-10-18,0,2024-10-18,13.0,0.0,1.0,1.0,-1.0,,,
2024-10-18,3,2024-10-21,10.0,3.0,,,,0.0,0.0,0.0
2024-10-18,4,2024-10-22,9.0,4.0,,,,0.0,0.0,0.0
2024-10-18,5,2024-10-23,8.0,5.0,,,,-6.0,-6.0,6.0
2024-10-18,6,2024-10-24,7.0,6.0,,,,-4.0,-4.0,4.0
2024-10-18,7,2024-10-25,6.0,7.0,,,,-4.0,-4.0,4.0
2024-10-18,10,2024-10-28,3.0,10.0,,,,-4.0,-4.0,4.0
2024-10-18,11,2024-10-29,2.0,11.0,,,,-3.0,-3.0,3.0
2024-10-18,12,2024-10-30,1.0,12.0,,,,-2.0,-2.0,2.0
2024-10-18,13,2024-10-31,0.0,13.0,,,,-2.0,-2.0,2.0
2024-10-21,0,2024-10-21,10.0,0.0,1.0,1.0,-1.0,,,
2024-10-21,1,2024-10-22,9.0,1.0,,,,0.0,0.0,0.0
2024-10-21,2,2024-10-23,8.0,2.0,,,,-6.0,-6.0,6.0
2024-10-21,3,2024-10-24,7.0,3.0,,,,-4.0,-4.0,4.0
2024-10-21,4,2024-10-25,6.0,4.0,,,,-4.0,-4.0,4.0
2024-10-21,7,2024-10-28,3.0,7.0,,,,-4.0,-4.0,4.0
2024-10-21,8,2024-10-29,2.0,8.0,,,,-3.0,-3.0,3.0
2024-10-21,9,2024-10-30,1.0,9.0,,,,-2.0,-2.0,2.0
2024-10-21,10,2024-10-31,0.0,10.0,,,,-2.0,-2.0,2.0
2024-10-22,0,2024-10-22,9.0,0.0,1.0,1.0,-1.0,,,
2024-10-22,1,2024-10-23,8.0,1.0,,,,-6.0,-6.0,6.0
2024-10-22,2,2024-10-24,7.0,2.0,,,,-4.0,-4.0,4.0
2024-10-22,3,2024-10-25,6.0,3.0,,,,-4.0,-4.0,4.0
2024-10-22,6,2024-10-28,3.0,6.0,,,,-4.0,-4.0,4.0
2024-10-22,7,2024-10-29,2.0,7.0,,,,-3.0,-3.0,3.0
2024-10-22,8,2024-10-30,1.0,8.0,,,,-2.0,-2.0,2.0
2024-10-22,9,2024-10-31,0.0,9.0,,,,-2.0,-2.0,2.0
2024-10-23,0,2024-10-23,8.0,0.0,1.0,1.0,1.0,,,
2024-10-23,1,2024-10-24,7.0,1.0,,,,2.0,2.0,2.0
2024-10-23,2,2024-10-25,6.0,2.0,,,,2.0,2.0,2.0
2024-10-23,5,2024-10-28,3.0,5.0,,,,2.0,2.0,2.0
2024-10-23,6,2024-10-29,2.0,6.0,,,,3.0,3.0,3.0
2024-10-23,7,2024-10-30,1.0,7.0,,,,4.0,4.0,4.0
2024-10-23,8,2024-10-31,0.0,8.0,,,,4.0,4.0,4.0
2024-10-24,0,2024-10-24,7.0,0.0,1.0,1.0,1.0,,,
2024-10-24,1,2024-10-25,6.0,1.0,,,,0.0,0.0,0.0
2024-10-24,4,2024-10-28,3.0,4.0,,,,0.0,0.0,0.0
2024-10-24,5,2024-10-29,2.0,5.0,,,,1.0,1.0,1.0
2024-10-24,6,2024-10-30,1.0,6.0,,,,2.0,2.0,2.0
2024-10-24,7,2024-10-31,0.0,7.0,,,,2.0,2.0,2.0
2024-10-25,0,2024-10-25,6.0,0.0,1.0,1.0,1.0,,,
2024-10-25,3,2024-10-28,3.0,3.0,,,,0.0,0.0,0.0
2024-10-25,4,2024-10-29,2.0,4.0,,,,1.0,1.0,1.0
2024-10-25,5,2024-10-30,1.0,5.0,,,,2.0,2.0,2.0
2024-10-25,6,2024-10-31,0.0,6.0,,,,2.0,2.0,2.0
2024-10-28,0,2024-10-28,3.0,0.0,1.0,1.0,1.0,,,
2024-10-28,1,2024-10-29,2.0,1.0,,,,1.0,1.0,1.0
2024-10-28,2,2024-10-30,1.0,2.0,,,,2.0,2.0,2.0
2024-10-28,3,2024-10-31,0.0,3.0,,,,2.0,2.0,2.0
2024-10-29,0,2024-10-29,2.0,0.0,1.0,1.0,1.0,,,
2024-10-29,1,2024-10-30,1.0,1.0,,,,1.0,1.0,1.0
2024-10-29,2,2024-10-31,0.0,2.0,,,,1.0,1.0,1.0
2024-10-30,0,2024-10-30,1.0,0.0,1.0,-1.0,0.0,,,
2024-10-30,1,2024-10-31,0.0,1.0,,,,0.0,-0.0,0.0
2024-10-31,0,2024-10-31,0.0,0.0,-1.0,-1.0,0.0,,,
2024-11-01,0,2024-11-01,29.0,0.0,1.0,1.0,-1.0,,,
2024-11-01,3,2024-11-04,26.0,3.0,,,,-12.0,-12.0,12.0
2024-11-01,4,2024-11-05,25.0,4.0,,,,-13.0,-13.0,13.0
2024-11-01,5,2024-11-06,24.0,5.0,,,,-80.0,-80.0,80.0
2024-11-01,6,2024-11-07,23.0,6.0,,,,-80.0,-80.0,80.0
2024-11-01,7,2024-11-08,22.0,7.0,,,,-80.0,-80.0,80.0
2024-11-01,10,2024-11-11,19.0,10.0,,,,-80.0,-80.0,80.0
2024-11-01,11,2024-11-12,18.0,11.0,,,,-78.0,-78.0,78.0
2024-11-01,12,2024-11-13,17.0,12.0,,,,-64.0,-64.0,64.0
2024-11-01,13,2024-11-14,16.0,13.0,,,,-72.0,-72.0,72.0
2024-11-01,14,2024-11-15,15.0,14.0,,,,-75.0,-75.0,75.0
2024-11-01,17,2024-11-18,12.0,17.0,,,,-79.0,-79.0,79.0
2024-11-01,18,2024-11-19,11.0,18.0,,,,-64.0,-64.0,64.0
2024-11-01,19,2024-11-20,10.0,19.0,,,,-49.0,-49.0,49.0
2024-11-01,20,2024-11-21,9.0,20.0,,,,-43.0,-43.0,43.0
2024-11-01,21,2024-11-22,8.0,21.0,,,,-34.0,-34.0,34.0
2024-11-01,24,2024-11-25,5.0,24.0,,,,-19.0,-19.0,19.0
2024-11-01,25,2024-11-26,4.0,25.0,,,,-28.0,-28.0,28.0
2024-11-01,26,2024-11-27,3.0,26.0,,,,-30.0,-30.0,30.0
2024-11-01,28,2024-11-29,1.0,28.0,,,,-28.0,-28.0,28.0
2024-11-04,0,2024-11-04,26.0,0.0,1.0,1.0,-1.0,,,
2024-11-04,1,2024-11-05,25.0,1.0,,,,-1.0,-1.0,1.0
2024-11-04,2,2024-11-06,24.0,2.0,,,,-68.0,-68.0,68.0
2024-11-04,3,2024-11-07,23.0,3.0,,,,-68.0,-68.0,68.0
2024-11-04,4,2024-11-08,22.0,4.0,,,,-68.0,-68.0,68.0
2024-11-04,7,2024-11-11,19.0,7.0,,,,-68.0,-68.0,68.0
2024-11-04,8,2024-11-12,18.0,8.0,,,,-66.0,-66.0,66.0
2024-11-04,9,2024-11-13,17.0,9.0,,,,-52.0,-52.0,52.0
2024-11-04,10,2024-11-14,16.0,10.0,,,,-60.0,-60.0,60.0
2024-11-04,11,2024-11-15,15.0,11.0,,,,-63.0,-63.0,63.0
2024-11-04,14,2024-11-18,12.0,14.0,,,,-67.0,-67.0,67.0
2024-11-04,15,2024-11-19,11.0,15.0,,,,-52.0,-52.0,52.0
2024-11-04,16,2024-11-20,10.0,16.0,,,,-37.0,-37.0,37.0
2024-11-04,17,2024-11-21,9.0,17.0,,,,-31.0,-31.0,31.0
2024-11-04,18,2024-11-22,8.0,18.0,,,,-22.0,-22.0,22.0
2024-11-04,21,2024-11-25,5.0,21.0,,,,-7.0,-7.0,7.0
2024-11-04,22,2024-11-26,4.0,22.0,,,,-16.0,-16.0,16.0
2024-11-04,23,2024-11-27,3.0,23.0,,,,-18.0,-18.0,18.0
2024-11-04,25,2024-11-29,1.0,25.0,,,,-16.0,-16.0,16.0
2024-11-05,0,2024-11-05,25.0,0.0,1.0,1.0,-1.0,,,
2024-11-05,1,2024-11-06,24.0,1.0,,,,-67.0,-67.0,67.0
2024-11-05,2,2024-11-07,23.0,2.0,,,,-67.0,-67.0,67.0
2024-11-05,3,2024-11-08,22.0,3.0,,,,-67.0,-67.0,67.0
2024-11-05,6,2024-11-11,19.0,6.0,,,,-67.0,-67.0,67.0
2024-11-05,7,2024-11-12,18.0,7.0,,,,-65.0,-65.0,65.0
2024-11-05,8,2024-11-13,17.0,8.0,,,,-51.0,-51.0,51.0
2024-11-05,9,2024-11-14,16.0,9.0,,,,-59.0,-59.0,59.0
2024-11-05,10,2024-11-15,15.0,10.0,,,,-62.0,-62.0,62.0
2024-11-05,13,2024-11-18,12.0,13.0,,,,-66.0,-66.0,66.0
2024-11-05,14,2024-11-19,11.0,14.0,,,,-51.0,-51.0,51.0
2024-11-05,15,2024-11-20,10.0,15.0,,,,-36.0,-36.0,36.0
2024-11-05,16,2024-11-21,9.0,16.0,,,,-30.0,-30.0,30.0
2024-11-05,17,2024-11-22,8.0,17.0,,,,-21.0,-21.0,21.0
2024-11-05,20,2024-11-25,5.0,20.0,,,,-6.0,-6.0,6.0
2024-11-05,21,2024-11-26,4.0,21.0,,,,-15.0,-15.0,15.0
2024-11-05,22,2024-11-27,3.0,22.0,,,,-17.0,-17.0,17.0
2024-11-05,24,2024-11-29,1.0,24.0,,,,-15.0,-15.0,15.0
2024-11-06,0,2024-11-06,24.0,0.0,1.0,1.0,1.0,,,
2024-11-06,1,2024-11-07,23.0,1.0,,,,0.0,0.0,0.0
2024-11-06,2,2024-11-08,22.0,2.0,,,,0.0,0.0,0.0
2024-11-06,5,2024-11-11,19.0,5.0,,,,0.0,0.0,0.0
2024-11-06,6,2024-11-12,18.0,6.0,,,,2.0,2.0,2.0
2024-11-06,7,2024-11-13,17.0,7.0,,,,16.0,16.0,16.0
2024-11-06,8,2024-11-14,16.0,8.0,,,,8.0,8.0,8.0
2024-11-06,9,2024-11-15,15.0,9.0,,,,5.0,5.0,5.0
2024-11-06,12,2024-11-18,12.0,12.0,,,,1.0,1.0,1.0
2024-11-06,13,2024-11-19,11.0,13.0,,,,16.0,16.0,16.0
2024-11-06,14,2024-11-20,10.0,14.0,,,,31.0,31.0,31.0
2024-11-06,15,2024-11-21,9.0,15.0,,,,37.0,37.0,37.0
2024-11-06,16,2024-11-22,8.0,16.0,,,,46.0,46.0,46.0
2024-11-06,19,2024-11-25,5.0,19.0,,,,61.0,61.0,61.0
2024-11-06,20,2024-11-26,4.0,20.0,,,,52.0,52.0,52.0
2024-11-06,21,2024-11-27,3.0,21.0,,,,50.0,50.0,50.0
2024-11-06,23,2024-11-29,1.0,23.0,,,,52.0,52.0,52.0
2024-11-07,0,2024-11-07,23.0,0.0,1.0,1.0,1.0,,,
2024-11-07,1,2024-11-08,22.0,1.0,,,,0.0,0.0,0.0
2024-11-07,4,2024-11-11,19.0,4.0,,,,0.0,0.0,0.0
2024-11-07,5,2024-11-12,18.0,5.0,,,,2.0,2.0,2.0
2024-11-07,6,2024-11-13,17.0,6.0,,,,16.0,16.0,16.0
2024-11-07,7,2024-11-14,16.0,7.0,,,,8.0,8.0,8.0
2024-11-07,8,2024-11-15,15.0,8.0,,,,5.0,5.0,5.0
2024-11-07,11,2024-11-18,12.0,11.0,,,,1.0,1.0,1.0
2024-11-07,12,2024-11-19,11.0,12.0,,,,16.0,16.0,16.0
2024-11-07,13,2024-11-20,10.0,13.0,,,,31.0,31.0,31.0
2024-11-07,14,2024-11-21,9.0,14.0,,,,37.0,37.0,37.0
2024-11-07,15,2024-11-22,8.0,15.0,,,,46.0,46.0,46.0
2024-11-07,18,2024-11-25,5.0,18.0,,,,61.0,61.0,61.0
2024-11-07,19,2024-11-26,4.0,19.0,,,,52.0,52.0,52.0
2024-11-07,20,2024-11-27,3.0,20.0,,,,50.0,50.0,50.0
2024-11-07,22,2024-11-29,1.0,22.0,,,,52.0,52.0,52.0
2024-11-08,0,2024-11-08,22.0,0.0,1.0,1.0,1.0,,,
2024-11-08,3,2024-11-11,19.0,3.0,,,,0.0,0.0,0.0
2024-11-08,4,2024-11-12,18.0,4.0,,,,2.0,2.0,2.0
2024-11-08,5,2024-11-13,17.0,5.0,,,,16.0,16.0,16.0
2024-11-08,6,2024-11-14,16.0,6.0,,,,8.0,8.0,8.0
2024-11-08,7,2024-11-15,15.0,7.0,,,,5.0,5.0,5.0
2024-11-08,10,2024-11-18,12.0,10.0,,,,1.0,1.0,1.0
2024-11-08,11,2024-11-19,11.0,11.0,,,,16.0,16.0,16.0
2024-11-08,12,2024-11-20,10.0,12.0,,,,31.0,31.0,31.0
2024-11-08,13,2024-11-21,9.0,13.0,,,,37.0,37.0,37.0
2024-11-08,14,2024-11-22,8.0,14.0,,,,46.0,46.0,46.0
2024-11-08,17,2024-11-25,5.0,17.0,,,,61.0,61.0,61.0
2024-11-08,18,2024-11-26,4.0,18.0,,,,52.0,52.0,52.0
2024-11-08,19,2024-11-27,3.0,19.0,,,,50.0,50.0,50.0
2024-11-08,21,2024-11-29,1.0,21.0,,,,52.0,52.0,52.0
2024-11-11,0,2024-11-11,19.0,0.0,1.0,1.0,1.0,,,
2024-11-11,1,2024-11-12,18.0,1.0,,,,2.0,2.0,2.0
2024-11-11,2,2024-11-13,17.0,2.0,,,,16.0,16.0,16.0
2024-11-11,3,2024-11-14,16.0,3.0,,,,8.0,8.0,8.0
2024-11-11,4,2024-11-15,15.0,4.0,,,,5.0,5.0,5.0
2024-11-11,7,2024-11-18,12.0,7.0,,,,1.0,1.0,1.0
2024-11-11,8,2024-11-19,11.0,8.0,,,,16.0,16.0,16.0
2024-11-11,9,2024-11-20,10.0,9.0,,,,31.0,31.0,31.0
2024-11-11,10,2024-11-21,9.0,10.0,,,,37.0,37.0,37.0
2024-11-11,11,2024-11-22,8.0,11.0,,,,46.0,46.0,46.0
2024-11-11,14,2024-11-25,5.0,14.0,,,,61.0,61.0,61.0
2024-11-11,15,2024-11-26,4.0,15.0,,,,52.0,52.0,52.0
2024-11-11,16,2024-11-27,3.0,16.0,,,,50.0,50.0,50.0
2024-11-11,18,2024-11-29,1.0,18.0,,,,52.0,52.0,52.0
2024-11-12,0,2024-11-12,18.0,0.0,1.0,1.0,1.0,,,
2024-11-12,1,2024-11-13,17.0,1.0,,,,14.0,14.0,14.0
2024-11-12,2,2024-11-14,16.0,2.0,,,,6.0,6.0,6.0
2024-11-12,3,2024-11-15,15.0,3.0,,,,3.0,3.0,3.0
2024-11-12,6,2024-11-18,12.0,6.0,,,,-1.0,-1.0,-1.0
2024-11-12,7,2024-11-19,11.0,7.0,,,,14.0,14.0,14.0
2024-11-12,8,2024-11-20,10.0,8.0,,,,29.0,29.0,29.0
2024-11-12,9,2024-11-21,9.0,9.0,,,,35.0,35.0,35.0
2024-11-12,10,2024-11-22,8.0,10.0,,,,44.0,44.0,44.0
2024-11-12,13,2024-11-25,5.0,13.0,,,,59.0,59.0,59.0
2024-11-12,14,2024-11-26,4.0,14.0,,,,50.0,50.0,50.0
2024-11-12,15,2024-11-27,3.0,15.0,,,,48.0,48.0,48.0
2024-11-12,17,2024-11-29,1.0,17.0,,,,50.0,50.0,50.0
2024-11-13,0,2024-11-13,17.0,0.0,1.0,1.0,1.0,,,
2024-11-13,1,2024-11-14,16.0,1.0,,,,-8.0,-8.0,-8.0
2024-11-13,2,2024-11-15,15.0,2.0,,,,-11.0,-11.0,-11.0
2024-11-13,5,2024-11-18,12.0,5.0,,,,-15.0,-15.0,-15.0
2024-11-13,6,2024-11-19,11.0,6.0,,,,0.0,0.0,0.0
2024-11-13,7,2024-11-20,10.0,7.0,,,,15.0,15.0,15.0
2024-11-13,8,2024-11-21,9.0,8.0,,,,21.0,21.0,21.0
2024-11-13,9,2024-11-22,8.0,9.0,,,,30.0,30.0,30.0
2024-11-13,12,2024-11-25,5.0,12.0,,,,45.0,45.0,45.0
2024-11-13,13,2024-11-26,4.0,13.0,,,,36.0,36.0,36.0
2024-11-13,14,2024-11-27,3.0,14.0,,,,34.0,34.0,34.0
2024-11-13,16,2024-11-29,1.0,16.0,,,,36.0,36.0,36.0
2024-11-14,0,2024-11-14,16.0,0.0,1.0,1.0,1.0,,,
2024-11-14,1,2024-11-15,15.0,1.0,,,,-3.0,-3.0,-3.0
2024-11-14,4,2024-11-18,12.0,4.0,,,,-7.0,-7.0,-7.0
2024-11-14,5,2024-11-19,11.0,5.0,,,,8.0,8.0,8.0
2024-11-14,6,2024-11-20,10.0,6.0,,,,23.0,23.0,23.0
2024-11-14,7,2024-11-21,9.0,7.0,,,,29.0,29.0,29.0
2024-11-14,8,2024-11-22,8.0,8.0,,,,38.0,38.0,38.0
2024-11-14,11,2024-11-25,5.0,11.0,,,,53.0,53.0,53.0
2024-11-14,12,2024-11-26,4.0,12.0,,,,44.0,44.0,44.0
2024-11-14,13,2024-11-27,3.0,13.0,,,,42.0,42.0,42.0
2024-11-14,15,2024-11-29,1.0,15.0,,,,44.0,44.0,44.0
2024-11-15,0,2024-11-15,15.0,0.0,1.0,1.0,1.0,,,
2024-11-15,3,2024-11-18,12.0,3.0,,,,-4.0,-4.0,-4.0
2024-11-15,4,2024-11-19,11.0,4.0,,,,11.0,11.0,11.0
2024-11-15,5,2024-11-20,10.0,5.0,,,,26.0,26.0,26.0
2024-11-15,6,2024-11-21,9.0,6.0,,,,32.0,32.0,32.0
2024-11-15,7,2024-11-22,8.0,7.0,,,,41.0,41.0,41.0
2024-11-15,10,2024-11-25,5.0,10.0,,,,56.0,56.0,56.0
2024-11-15,11,2024-11-26,4.0,11.0,,,,47.0,47.0,47.0
2024-11-15,12,2024-11-27,3.0,12.0,,,,45.0,45.0,45.0
2024-11-15,14,2024-11-29,1.0,14.0,,,,47.0,47.0,47.0
2024-11-18,0,2024-11-18,12.0,0.0,1.0,1.0,1.0,,,
2024-11-18,1,2024-11-19,11.0,1.0,,,,15.0,15.0,15.0
2024-11-18,2,2024-11-20,10.0,2.0,,,,30.0,30.0,30.0
2024-11-18,3,2024-11-21,9.0,3.0,,,,36.0,36.0,36.0
2024-11-18,4,2024-11-22,8.0,4.0,,,,45.0,45.0,45.0
2024-11-18,7,2024-11-25,5.0,7.0,,,,60.0,60.0,60.0
2024-11-18,8,2024-11-26,4.0,8.0,,,,51.0,51.0,51.0
2024-11-18,9,2024-11-27,3.0,9.0,,,,49.0,49.0,49.0
2024-11-18,11,2024-11-29,1.0,11.0,,,,51.0,51.0,51.0
2024-11-19,0,2024-11-19,11.0,0.0,-1.0,-1.0,1.0,,,
2024-11-19,1,2024-11-20,10.0,1.0,,,,-15.0,-15.0,15.0
2024-11-19,2,2024-11-21,9.0,2.0,,,,-21.0,-21.0,21.0
2024-11-19,3,2024-11-22,8.0,3.0,,,,-30.0,-30.0,30.0
2024-11-19,6,2024-11-25,5.0,6.0,,,,-45.0,-45.0,45.0
2024-11-19,7,2024-11-26,4.0,7.0,,,,-36.0,-36.0,36.0
2024-11-19,8,2024-11-27,3.0,8.0,,,,-34.0,-34.0,34.0
2024-11-19,10,2024-11-29,1.0,10.0,,,,-36.0,-36.0,36.0
2024-11-20,0,2024-11-20,10.0,0.0,-1.0,-1.0,1.0,,,
2024-11-20,1,2024-11-21,9.0,1.0,,,,-6.0,-6.0,6.0
2024-11-20,2,2024-11-22,8.0,2.0,,,,-15.0,-15.0,15.0
2024-11-20,5,2024-11-25,5.0,5.0,,,,-30.0,-30.0,30.0
2024-11-20,6,2024-11-26,4.0,6.0,,,,-21.0,-21.0,21.0
2024-11-20,7,2024-11-27,3.0,7.0,,,,-19.0,-19.0,19.0
2024-11-20,9,2024-11-29,1.0,9.0,,,,-21.0,-21.0,21.0
2024-11-21,0,2024-11-21,9.0,0.0,-1.0,-1.0,1.0,,,
2024-11-21,1,2024-11-22,8.0,1.0,,,,-9.0,-9.0,9.0
2024-11-21,4,2024-11-25,5.0,4.0,,,,-24.0,-24.0,24.0
2024-11-21,5,2024-11-26,4.0,5.0,,,,-15.0,-15.0,15.0
2024-11-21,6,2024-11-27,3.0,6.0,,,,-13.0,-13.0,13.0
2024-11-21,8,2024-11-29,1.0,8.0,,,,-15.0,-15.0,15.0
2024-11-22,0,2024-11-22,8.0,0.0,-1.0,-1.0,1.0,,,
2024-11-22,3,2024-11-25,5.0,3.0,,,,-15.0,-15.0,15.0
2024-11-22,4,2024-11-26,4.0,4.0,,,,-6.0,-6.0,6.0
2024-11-22,5,2024-11-27,3.0,5.0,,,,-4.0,-4.0,4.0
2024-11-22,7,2024-11-29,1.0,7.0,,,,-6.0,-6.0,6.0
2024-11-25,0,2024-11-25,5.0,0.0,-1.0,-1.0,-1.0,,,
2024-11-25,1,2024-11-26,4.0,1.0,,,,9.0,9.0,9.0
2024-11-25,2,2024-11-27,3.0,2.0,,,,11.0,11.0,11.0
2024-11-25,4,2024-11-29,1.0,4.0,,,,9.0,9.0,9.0
2024-11-26,0,2024-11-26,4.0,0.0,-1.0,-1.0,0.0,,,
2024-11-26,1,2024-11-27,3.0,1.0,,,,2.0,2.0,0.0
2024-11-26,3,2024-11-29,1.0,3.0,,,,-0.0,-0.0,0.0
2024-11-27,0,2024-11-27,3.0,0.0,-1.0,-1.0,1.0,,,
2024-11-27,2,2024-11-29,1.0,2.0,,,,-2.0,-2.0,2.0
2024-11-29,0,2024-11-29,1.0,0.0,-1.0,-1.0,0.0,,,
2024-12-02,0,2024-12-02,29.0,0.0,-1.0,-1.0,-1.0,,,
2024-12-02,1,2024-12-03,28.0,1.0,,,,-4.0,-4.0,-4.0
2024-12-02,2,2024-12-04,27.0,2.0,,,,8.0,8.0,8.0
2024-12-02,3,2024-12-05,26.0,3.0,,,,9.0,9.0,9.0
2024-12-02,4,2024-12-06,25.0,4.0,,,,28.0,28.0,28.0
2024-12-02,7,2024-12-09,22.0,7.0,,,,-8.0,-8.0,-8.0
2024-12-02,8,2024-12-10,21.0,8.0,,,,12.0,12.0,12.0
2024-12-02,9,2024-12-11,20.0,9.0,,,,12.0,12.0,12.0
2024-12-02,10,2024-12-12,19.0,10.0,,,,8.0,8.0,8.0
2024-12-02,11,2024-12-13,18.0,11.0,,,,22.0,22.0,22.0
2024-12-02,14,2024-12-16,15.0,14.0,,,,56.0,56.0,56.0
2024-12-02,15,2024-12-17,14.0,15.0,,,,79.0,79.0,79.0
2024-12-02,16,2024-12-18,13.0,16.0,,,,83.0,83.0,83.0
2024-12-02,17,2024-12-19,12.0,17.0,,,,91.0,91.0,91.0
2024-12-02,18,2024-12-20,11.0,18.0,,,,93.0,93.0,93.0
2024-12-02,21,2024-12-23,8.0,21.0,,,,101.0,101.0,101.0
2024-12-02,22,2024-12-24,7.0,22.0,,,,94.0,94.0,94.0
2024-12-02,24,2024-12-26,5.0,24.0,,,,83.0,83.0,83.0
2024-12-03,0,2024-12-03,28.0,0.0,-1.0,-1.0,-1.0,,,
2024-12-03,1,2024-12-04,27.0,1.0,,,,12.0,12.0,12.0
2024-12-03,2,2024-12-05,26.0,2.0,,,,13.0,13.0,13.0
2024-12-03,3,2024-12-06,25.0,3.0,,,,32.0,32.0,32.0
2024-12-03,6,2024-12-09,22.0,6.0,,,,-4.0,-4.0,-4.0
2024-12-03,7,2024-12-10,21.0,7.0,,,,16.0,16.0,16.0
2024-12-03,8,2024-12-11,20.0,8.0,,,,16.0,16.0,16.0
2024-12-03,9,2024-12-12,19.0,9.0,,,,12.0,12.0,12.0
2024-12-03,10,2024-12-13,18.0,10.0,,,,26.0,26.0,26.0
2024-12-03,13,2024-12-16,15.0,13.0,,,,60.0,60.0,60.0
2024-12-03,14,2024-12-17,14.0,14.0,,,,83.0,83.0,83.0
2024-12-03,15,2024-12-18,13.0,15.0,,,,87.0,87.0,87.0
2024-12-03,16,2024-12-19,12.0,16.0,,,,95.0,95.0,95.0
2024-12-03,17,2024-12-20,11.0,17.0,,,,97.0,97.0,97.0
2024-12-03,20,2024-12-23,8.0,20.0,,,,105.0,105.0,105.0
2024-12-03,21,2024-12-24,7.0,21.0,,,,98.0,98.0,98.0
2024-12-03,23,2024-12-26,5.0,23.0,,,,87.0,87.0,87.0
2024-12-04,0,2024-12-04,27.0,0.0,-1.0,-1.0,-1.0,,,
2024-12-04,1,2024-12-05,26.0,1.0,,,,1.0,1.0,1.0
2024-12-04,2,2024-12-06,25.0,2.0,,,,20.0,20.0,20.0
2024-12-04,5,2024-12-09,22.0,5.0,,,,-16.0,-16.0,-16.0
2024-12-04,6,2024-12-10,21.0,6.0,,,,4.0,4.0,4.0
2024-12-04,7,2024-12-11,20.0,7.0,,,,4.0,4.0,4.0
2024-12-04,8,2024-12-12,19.0,8.0,,,,-0.0,-0.0,0.0
2024-12-04,9,2024-12-13,18.0,9.0,,,,14.0,14.0,14.0
2024-12-04,12,2024-12-16,15.0,12.0,,,,48.0,48.0,48.0
2024-12-04,13,2024-12-17,14.0,13.0,,,,71.0,71.0,71.0
2024-12-04,14,2024-12-18,13.0,14.0,,,,75.0,75.0,75.0
2024-12-04,15,2024-12-19,12.0,15.0,,,,83.0,83.0,83.0
2024-12-04,16,2024-12-20,11.0,16.0,,,,85.0,85.0,85.0
2024-12-04,19,2024-12-23,8.0,19.0,,,,93.0,93.0,93.0
2024-12-04,20,2024-12-24,7.0,20.0,,,,86.0,86.0,86.0
2024-12-04,22,2024-12-26,5.0,22.0,,,,75.0,75.0,75.0
2024-12-05,0,2024-12-05,26.0,0.0,-1.0,-1.0,-1.0,,,
2024-12-05,1,2024-12-06,25.0,1.0,,,,19.0,19.0,19.0
2024-12-05,4,2024-12-09,22.0,4.0,,,,-17.0,-17.0,-17.0
2024-12-05,5,2024-12-10,21.0,5.0,,,,3.0,3.0,3.0
2024-12-05,6,2024-12-11,20.0,6.0,,,,3.0,3.0,3.0
2024-12-05,7,2024-12-12,19.0,7.0,,,,-1.0,-1.0,-1.0
2024-12-05,8,2024-12-13,18.0,8.0,,,,13.0,13.0,13.0
2024-12-05,11,2024-12-16,15.0,11.0,,,,47.0,47.0,47.0
2024-12-05,12,2024-12-17,14.0,12.0,,,,70.0,70.0,70.0
2024-12-05,13,2024-12-18,13.0,13.0,,,,74.0,74.0,74.0
2024-12-05,14,2024-12-19,12.0,14.0,,,,82.0,82.0,82.0
2024-12-05,15,2024-12-20,11.0,15.0,,,,84.0,84.0,84.0
2024-12-05,18,2024-12-23,8.0,18.0,,,,92.0,92.0,92.0
2024-12-05,19,2024-12-24,7.0,19.0,,,,85.0,85.0,85.0
2024-12-05,21,2024-12-26,5.0,21.0,,,,74.0,74.0,74.0
2024-12-06,0,2024-12-06,25.0,0.0,-1.0,-1.0,-1.0,,,
2024-12-06,3,2024-12-09,22.0,3.0,,,,-36.0,-36.0,-36.0
2024-12-06,4,2024-12-10,21.0,4.0,,,,-16.0,-16.0,-16.0
2024-12-06,5,2024-12-11,20.0,5.0,,,,-16.0,-16.0,-16.0
2024-12-06,6,2024-12-12,19.0,6.0,,,,-20.0,-20.0,-20.0
2024-12-06,7,2024-12-13,18.0,7.0,,,,-6.0,-6.0,-6.0
2024-12-06,10,2024-12-16,15.0,10.0,,,,28.0,28.0,28.0
2024-12-06,11,2024-12-17,14.0,11.0,,,,51.0,51.0,51.0
2024-12-06,12,2024-12-18,13.0,12.0,,,,55.0,55.0,55.0
2024-12-06,13,2024-12-19,12.0,13.0,,,,63.0,63.0,63.0
2024-12-06,14,2024-12-20,11.0,14.0,,,,65.0,65.0,65.0
2024-12-06,17,2024-12-23,8.0,17.0,,,,73.0,73.0,73.0
2024-12-06,18,2024-12-24,7.0,18.0,,,,66.0,66.0,66.0
2024-12-06,20,2024-12-26,5.0,20.0,,,,55.0,55.0,55.0
2024-12-09,0,2024-12-09,22.0,0.0,-1.0,-1.0,-1.0,,,
2024-12-09,1,2024-12-10,21.0,1.0,,,,20.0,20.0,20.0
2024-12-09,2,2024-12-11,20.0,2.0,,,,20.0,20.0,20.0
2024-12-09,3,2024-12-12,19.0,3.0,,,,16.0,16.0,16.0
2024-12-09,4,2024-12-13,18.0,4.0,,,,30.0,30.0,30.0
2024-12-09,7,2024-12-16,15.0,7.0,,,,64.0,64.0,64.0
2024-12-09,8,2024-12-17,14.0,8.0,,,,87.0,87.0,87.0
2024-12-09,9,2024-12-18,13.0,9.0,,,,91.0,91.0,91.0
2024-12-09,10,2024-12-19,12.0,10.0,,,,99.0,99.0,99.0
2024-12-09,11,2024-12-20,11.0,11.0,,,,101.0,101.0,101.0
2024-12-09,14,2024-12-23,8.0,14.0,,,,109.0,109.0,109.0
2024-12-09,15,2024-12-24,7.0,15.0,,,,102.0,102.0,102.0
2024-12-09,17,2024-12-26,5.0,17.0,,,,91.0,91.0,91.0
2024-12-10,0,2024-12-10,21.0,0.0,-1.0,-1.0,-1.0,,,
2024-12-10,1,2024-12-11,20.0,1.0,,,,-0.0,-0.0,0.0
2024-12-10,2,2024-12-12,19.0,2.0,,,,-4.0,-4.0,-4.0
2024-12-10,3,2024-12-13,18.0,3.0,,,,10.0,10.0,10.0
2024-12-10,6,2024-12-16,15.0,6.0,,,,44.0,44.0,44.0
2024-12-10,7,2024-12-17,14.0,7.0,,,,67.0,67.0,67.0
2024-12-10,8,2024-12-18,13.0,8.0,,,,71.0,71.0,71.0
2024-12-10,9,2024-12-19,12.0,9.0,,,,79.0,79.0,79.0
2024-12-10,10,2024-12-20,11.0,10.0,,,,81.0,81.0,81.0
2024-12-10,13,2024-12-23,8.0,13.0,,,,89.0,89.0,89.0
2024-12-10,14,2024-12-24,7.0,14.0,,,,82.0,82.0,82.0
2024-12-10,16,2024-12-26,5.0,16.0,,,,71.0,71.0,71.0
2024-12-11,0,2024-12-11,20.0,0.0,-1.0,-1.0,-1.0,,,
2024-12-11,1,2024-12-12,19.0,1.0,,,,-4.0,-4.0,-4.0
2024-12-11,2,2024-12-13,18.0,2.0,,,,10.0,10.0,10.0
2024-12-11,5,2024-12-16,15.0,5.0,,,,44.0,44.0,44.0
2024-12-11,6,2024-12-17,14.0,6.0,,,,67.0,67.0,67.0
2024-12-11,7,2024-12-18,13.0,7.0,,,,71.0,71.0,71.0
2024-12-11,8,2024-12-19,12.0,8.0,,,,79.0,79.0,79.0
2024-12-11,9,2024-12-20,11.0,9.0,,,,81.0,81.0,81.0
2024-12-11,12,2024-12-23,8.0,12.0,,,,89.0,89.0,89.0
2024-12-11,13,2024-12-24,7.0,13.0,,,,82.0,82.0,82.0
2024-12-11,15,2024-12-26,5.0,15.0,,,,71.0,71.0,71.0
2024-12-12,0,2024-12-12,19.0,0.0,-1.0,-1.0,-1.0,,,
2024-12-12,1,2024-12-13,18.0,1.0,,,,14.0,14.0,14.0
2024-12-12,4,2024-12-16,15.0,4.0,,,,48.0,48.0,48.0
2024-12-12,5,2024-12-17,14.0,5.0,,,,71.0,71.0,71.0
2024-12-12,6,2024-12-18,13.0,6.0,,,,75.0,75.0,75.0
2024-12-12,7,2024-12-19,12.0,7.0,,,,83.0,83.0,83.0
2024-12-12,8,2024-12-20,11.0,8.0,,,,85.0,85.0,85.0
2024-12-12,11,2024-12-23,8.0,11.0,,,,93.0,93.0,93.0
2024-12-12,12,2024-12-24,7.0,12.0,,,,86.0,86.0,86.0
2024-12-12,14,2024-12-26,5.0,14.0,,,,75.0,75.0,75.0
2024-12-13,0,2024-12-13,18.0,0.0,-1.0,-1.0,-1.0,,,
2024-12-13,3,2024-12-16,15.0,3.0,,,,34.0,34.0,34.0
2024-12-13,4,2024-12-17,14.0,4.0,,,,57.0,57.0,57.0
2024-12-13,5,2024-12-18,13.0,5.0,,,,61.0,61.0,61.0
2024-12-13,6,2024-12-19,12.0,6.0,,,,69.0,69.0,69.0
2024-12-13,7,2024-12-20,11.0,7.0,,,,71.0,71.0,71.0
2024-12-13,10,2024-12-23,8.0,10.0,,,,79.0,79.0,79.0
2024-12-13,11,2024-12-24,7.0,11.0,,,,72.0,72.0,72.0
2024-12-13,13,2024-12-26,5.0,13.0,,,,61.0,61.0,61.0
2024-12-16,0,2024-12-16,15.0,0.0,-1.0,-1.0,-1.0,,,
2024-12-16,1,2024-12-17,14.0,1.0,,,,23.0,23.0,23.0
2024-12-16,2,2024-12-18,13.0,2.0,,,,27.0,27.0,27.0
2024-12-16,3,2024-12-19,12.0,3.0,,,,35.0,35.0,35.0
2024-12-16,4,2024-12-20,11.0,4.0,,,,37.0,37.0,37.0
2024-12-16,7,2024-12-23,8.0,7.0,,,,45.0,45.0,45.0
2024-12-16,8,2024-12-24,7.0,8.0,,,,38.0,38.0,38.0
2024-12-16,10,2024-12-26,5.0,10.0,,,,27.0,27.0,27.0
2024-12-17,0,2024-12-17,14.0,0.0,-1.0,-1.0,-1.0,,,
2024-12-17,1,2024-12-18,13.0,1.0,,,,4.0,4.0,4.0
2024-12-17,2,2024-12-19,12.0,2.0,,,,12.0,12.0,12.0
2024-12-17,3,2024-12-20,11.0,3.0,,,,14.0,14.0,14.0
2024-12-17,6,2024-12-23,8.0,6.0,,,,22.0,22.0,22.0
2024-12-17,7,2024-12-24,7.0,7.0,,,,15.0,15.0,15.0
2024-12-17,9,2024-12-26,5.0,9.0,,,,4.0,4.0,4.0
2024-12-18,0,2024-12-18,13.0,0.0,1.0,-1.0,1.0,,,
2024-12-18,1,2024-12-19,12.0,1.0,,,,-8.0,8.0,-8.0
2024-12-18,2,2024-12-20,11.0,2.0,,,,-10.0,10.0,-10.0
2024-12-18,5,2024-12-23,8.0,5.0,,,,-18.0,18.0,-18.0
2024-12-18,6,2024-12-24,7.0,6.0,,,,-11.0,11.0,-11.0
2024-12-18,8,2024-12-26,5.0,8.0,,,,0.0,-0.0,0.0
2024-12-19,0,2024-12-19,12.0,0.0,1.0,-1.0,1.0,,,
2024-12-19,1,2024-12-20,11.0,1.0,,,,-2.0,2.0,-2.0
2024-12-19,4,2024-12-23,8.0,4.0,,,,-10.0,10.0,-10.0
2024-12-19,5,2024-12-24,7.0,5.0,,,,-3.0,3.0,-3.0
2024-12-19,7,2024-12-26,5.0,7.0,,,,8.0,-8.0,8.0
2024-12-20,0,2024-12-20,11.0,0.0,1.0,1.0,1.0,,,
2024-12-20,3,2024-12-23,8.0,3.0,,,,-8.0,-8.0,-8.0
2024-12-20,4,2024-12-24,7.0,4.0,,,,-1.0,-1.0,-1.0
2024-12-20,6,2024-12-26,5.0,6.0,,,,10.0,10.0,10.0
2024-12-23,0,2024-12-23,8.0,0.0,1.0,1.0,1.0,,,
2024-12-23,1,2024-12-24,7.0,1.0,,,,7.0,7.0,7.0
2024-12-23,3,2024-12-26,5.0,3.0,,,,18.0,18.0,18.0
2024-12-24,0,2024-12-24,7.0,0.0,1.0,1.0,1.0,,,
2024-12-24,2,2024-12-26,5.0,2.0,,,,11.0,11.0,11.0
2024-12-26,0,2024-12-26,5.0,0.0,1.0,1.0,1.0,,,
2025-02-05,0,2025-02-05,23.0,0.0,-1.0,-1.0,1.0,,,
2025-02-05,1,2025-02-06,22.0,1.0,,,,-65.0,-65.0,65.0
2025-02-05,2,2025-02-07,21.0,2.0,,,,-98.0,-98.0,98.0
2025-02-05,5,2025-02-10,18.0,5.0,,,,-163.0,-163.0,163.0
2025-02-05,6,2025-02-11,17.0,6.0,,,,-159.0,-159.0,159.0
2025-02-05,7,2025-02-12,16.0,7.0,,,,-162.0,-162.0,162.0
2025-02-05,8,2025-02-13,15.0,8.0,,,,-174.0,-174.0,174.0
2025-02-05,9,2025-02-14,14.0,9.0,,,,-174.0,-174.0,174.0
2025-02-05,13,2025-02-18,10.0,13.0,,,,-130.0,-130.0,130.0
2025-02-05,14,2025-02-19,9.0,14.0,,,,-127.0,-127.0,127.0
2025-02-05,15,2025-02-20,8.0,15.0,,,,-111.0,-111.0,111.0
2025-02-05,16,2025-02-21,7.0,16.0,,,,-106.0,-106.0,106.0
2025-02-06,0,2025-02-06,22.0,0.0,-1.0,-1.0,1.0,,,
2025-02-06,1,2025-02-07,21.0,1.0,,,,-33.0,-33.0,33.0
2025-02-06,4,2025-02-10,18.0,4.0,,,,-98.0,-98.0,98.0
2025-02-06,5,2025-02-11,17.0,5.0,,,,-94.0,-94.0,94.0
2025-02-06,6,2025-02-12,16.0,6.0,,,,-97.0,-97.0,97.0
2025-02-06,7,2025-02-13,15.0,7.0,,,,-109.0,-109.0,109.0
2025-02-06,8,2025-02-14,14.0,8.0,,,,-109.0,-109.0,109.0
2025-02-06,12,2025-02-18,10.0,12.0,,,,-65.0,-65.0,65.0
2025-02-06,13,2025-02-19,9.0,13.0,,,,-62.0,-62.0,62.0
2025-02-06,14,2025-02-20,8.0,14.0,,,,-46.0,-46.0,46.0
2025-02-06,15,2025-02-21,7.0,15.0,,,,-41.0,-41.0,41.0
2025-02-07,0,2025-02-07,21.0,0.0,-1.0,-1.0,-1.0,,,
2025-02-07,3,2025-02-10,18.0,3.0,,,,-65.0,-65.0,-65.0
2025-02-07,4,2025-02-11,17.0,4.0,,,,-61.0,-61.0,-61.0
2025-02-07,5,2025-02-12,16.0,5.0,,,,-64.0,-64.0,-64.0
2025-02-07,6,2025-02-13,15.0,6.0,,,,-76.0,-76.0,-76.0
2025-02-07,7,2025-02-14,14.0,7.0,,,,-76.0,-76.0,-76.0
2025-02-07,11,2025-02-18,10.0,11.0,,,,-32.0,-32.0,-32.0
2025-02-07,12,2025-02-19,9.0,12.0,,,,-29.0,-29.0,-29.0
2025-02-07,13,2025-02-20,8.0,13.0,,,,-13.0,-13.0,-13.0
2025-02-07,14,2025-02-21,7.0,14.0,,,,-8.0,-8.0,-8.0
2025-02-10,0,2025-02-10,18.0,0.0,-1.0,-1.0,-1.0,,,
2025-02-10,1,2025-02-11,17.0,1.0,,,,4.0,4.0,4.0
2025-02-10,2,2025-02-12,16.0,2.0,,,,1.0,1.0,1.0
2025-02-10,3,2025-02-13,15.0,3.0,,,,-11.0,-11.0,-11.0
2025-02-10,4,2025-02-14,14.0,4.0,,,,-11.0,-11.0,-11.0
2025-02-10,8,2025-02-18,10.0,8.0,,,,33.0,33.0,33.0
2025-02-10,9,2025-02-19,9.0,9.0,,,,36.0,36.0,36.0
2025-02-10,10,2025-02-20,8.0,10.0,,,,52.0,52.0,52.0
2025-02-10,11,2025-02-21,7.0,11.0,,,,57.0,57.0,57.0
2025-02-11,0,2025-02-11,17.0,0.0,-1.0,-1.0,-1.0,,,
2025-02-11,1,2025-02-12,16.0,1.0,,,,-3.0,-3.0,-3.0
2025-02-11,2,2025-02-13,15.0,2.0,,,,-15.0,-15.0,-15.0
2025-02-11,3,2025-02-14,14.0,3.0,,,,-15.0,-15.0,-15.0
2025-02-11,7,2025-02-18,10.0,7.0,,,,29.0,29.0,29.0
2025-02-11,8,2025-02-19,9.0,8.0,,,,32.0,32.0,32.0
2025-02-11,9,2025-02-20,8.0,9.0,,,,48.0,48.0,48.0
2025-02-11,10,2025-02-21,7.0,10.0,,,,53.0,53.0,53.0
2025-02-12,0,2025-02-12,16.0,0.0,-1.0,-1.0,-1.0,,,
2025-02-12,1,2025-02-13,15.0,1.0,,,,-12.0,-12.0,-12.0
2025-02-12,2,2025-02-14,14.0,2.0,,,,-12.0,-12.0,-12.0
2025-02-12,6,2025-02-18,10.0,6.0,,,,32.0,32.0,32.0
2025-02-12,7,2025-02-19,9.0,7.0,,,,35.0,35.0,35.0
2025-02-12,8,2025-02-20,8.0,8.0,,,,51.0,51.0,51.0
2025-02-12,9,2025-02-21,7.0,9.0,,,,56.0,56.0,56.0
2025-02-13,0,2025-02-13,15.0,0.0,-1.0,-1.0,-1.0,,,
2025-02-13,1,2025-02-14,14.0,1.0,,,,-0.0,-0.0,0.0
2025-02-13,5,2025-02-18,10.0,5.0,,,,44.0,44.0,44.0
2025-02-13,6,2025-02-19,9.0,6.0,,,,47.0,47.0,47.0
2025-02-13,7,2025-02-20,8.0,7.0,,,,63.0,63.0,63.0
2025-02-13,8,2025-02-21,7.0,8.0,,,,68.0,68.0,68.0
2025-02-14,0,2025-02-14,14.0,0.0,-1.0,-1.0,-1.0,,,
2025-02-14,4,2025-02-18,10.0,4.0,,,,44.0,44.0,44.0
2025-02-14,5,2025-02-19,9.0,5.0,,,,47.0,47.0,47.0
2025-02-14,6,2025-02-20,8.0,6.0,,,,63.0,63.0,63.0
2025-02-14,7,2025-02-21,7.0,7.0,,,,68.0,68.0,68.0
2025-02-18,0,2025-02-18,10.0,0.0,-1.0,-1.0,-1.0,,,
2025-02-18,1,2025-02-19,9.0,1.0,,,,3.0,3.0,3.0
2025-02-18,2,2025-02-20,8.0,2.0,,,,19.0,19.0,19.0
2025-02-18,3,2025-02-21,7.0,3.0,,,,24.0,24.0,24.0
2025-02-19,0,2025-02-19,9.0,0.0,-1.0,-1.0,-1.0,,,
2025-02-19,1,2025-02-20,8.0,1.0,,,,16.0,16.0,16.0
2025-02-19,2,2025-02-21,7.0,2.0,,,,21.0,21.0,21.0
2025-02-20,0,2025-02-20,8.0,0.0,-1.0,-1.0,-1.0,,,
2025-02-20,1,2025-02-21,7.0,1.0,,,,5.0,5.0,5.0
2025-02-21,0,2025-02-21,7.0,0.0,-1.0,-1.0,-1.0,,,
